loudness,speechiness,acousticness,liveness,valence
-5.444,0.0437,0.3,0.355,0.894
-4.918,0.0488,0.0103,0.612,0.684
-9.007,0.029,0.173,0.251,0.278
-4.063,0.0466,0.0263,0.347,0.544
-4.806,0.0516,0.0408,0.0845,0.879
-6.959,0.0654,0.119,0.07,0.714
-4.244,0.0572,0.0302,0.0454,0.76
-4.264,0.0322,0.0267,0.467,0.861
-3.525,0.102,0.273,0.149,0.734
-5.627,0.0379,0.00793,0.0634,0.869
-7.932,0.0292,0.0328,0.36,0.808
-9.664,0.0287,0.0813,0.533,0.96
-5.798,0.0989,0.0291,0.252,0.568
-7.92,0.0304,0.011,0.106,0.147
-5.153,0.0478,0.0921,0.119,0.398
-5.642,0.29,0.0807,0.0841,0.731
-5.8,0.056,0.396,0.0771,0.649
-6.149,0.0552,0.00181,0.285,0.782
-6.87,0.0369,0.0173,0.0785,0.825
-2.429,0.27,0.0281,0.0856,0.309
-5.87,0.0584,0.00958,0.209,0.4
-3.94,0.0446,0.144,0.104,0.932
-7.278,0.0304,0.0117,0.126,0.558
-5.425,0.143,0.0421,0.294,0.758
-5.825,0.0327,0.00117,0.31,0.0783
-5.607,0.046,0.0175,0.0935,0.512
-7.984,0.0465,0.141,0.0797,0.587
-8.951,0.24,0.017,0.0669,0.817
-10.644,0.165,0.35,0.277,0.546
-9.635,0.0419,0.00145,0.0839,0.53
-3.302,0.347,0.0738,0.5,0.53
-7.981,0.0373,0.309,0.0356,0.74
-8.527,0.0663,0.00149,0.14,0.871
-5.669,0.0858,0.0324,0.0602,0.927
-4.842,0.0454,0.116,0.071,0.686
-9.923,0.077,0.241,0.0817,0.868
-7.645,0.0548,0.292,0.0956,0.631
-6.307,0.14,0.168,0.0584,0.942
-7.124,0.0367,0.02,0.118,0.564
-5.564,0.0276,0.247,0.237,0.643
-5.436,0.0329,0.0395,0.0483,0.542
-1.916,0.0411,0.00916,0.326,0.766
-5.153,0.168,0.434,0.265,0.934
-1.299,0.0774,0.0827,0.163,0.621
-11.241,0.291,0.339,0.18,0.527
-5.088,0.0252,0.231,0.0765,0.683
-8.75,0.0279,0.191,0.166,0.774
-4.715,0.0405,0.0548,0.0725,0.348
-2.773,0.162,0.0343,0.0886,0.8
-8.693,0.108,0.067,0.0812,0.726
-3.081,0.076,0.0993,0.0981,0.801
-4.012,0.0806,0.000915,0.373,0.858
-3.972,0.206,0.112,0.235,0.508
-7.693,0.0771,0.282,0.14,0.272
-5.125,0.24,0.301,0.0352,0.801
-5.882,0.0331,0.592,0.106,0.148
-4.505,0.0993,0.0605,0.148,0.784
-6.166,0.0844,0.0402,0.0419,0.868
-6.341,0.0497,0.403,0.051,0.626
-5.631,0.0333,0.0136,0.56,0.628
-3.196,0.046,0.123,0.347,0.834
-6.046,0.0311,0.0424,0.101,0.694
-5.599,0.0315,0.584,0.103,0.373
-6.981,0.0365,0.376,0.06,0.827
-8.356,0.0376,0.38,0.111,0.298
-7.48,0.036,0.348,0.135,0.591
-3.265,0.0574,0.00316,0.0756,0.513
-8.529,0.0617,0.0101,0.0272,0.852
-7.499,0.0487,0.23,0.0951,0.888
-5.931,0.126,0.0406,0.0348,0.68
-8.196,0.0445,0.0661,0.0394,0.433
-6.729,0.0917,0.0854,0.0452,0.668
-5.802,0.0328,0.0504,0.0395,0.973
-8.923,0.0302,0.1,0.334,0.862
-6.588,0.0311,0.0585,0.35,0.961
-4.639,0.0567,0.00543,0.0537,0.683
-5.424,0.0434,0.154,0.118,0.577
-5.708,0.0286,0.00664,0.168,0.543
-4.929,0.0337,0.0593,0.107,0.224
-5.658,0.32,0.0626,0.0515,0.666
-3.894,0.0404,0.000127,0.24,0.332
-9.131,0.0298,0.52,0.268,0.453
-8.458,0.028,0.189,0.0882,0.213
-5.975,0.0255,0.098,0.257,0.328
-9.197,0.0242,0.0498,0.0696,0.407
-3.782,0.206,0.362,0.169,0.927
-4.666,0.0801,0.0459,0.0584,0.882
-8.964,0.0841,0.365,0.0969,0.578
-5.42,0.0296,0.0103,0.216,0.741
-6.814,0.0386,0.0404,0.375,0.527
-9.487,0.026,0.315,0.09,0.631
-4.353,0.0296,0.252,0.159,0.518
-8.412,0.0302,0.00425,0.117,0.141
-7.754,0.0597,0.0541,0.269,0.768
-5.959,0.0368,0.26,0.431,0.599
-3.904,0.0495,0.346,0.174,0.633
-3.205,0.106,0.226,0.246,0.779
-6.254,0.0364,5.15E-05,0.206,0.431
-5.707,0.0317,0.262,0.0669,0.966
-6.822,0.108,0.00689,0.142,0.565
-4.596,0.0713,0.0561,0.313,0.654
-2.027,0.41,0.0559,0.775,0.619
-4.325,0.238,0.0371,0.518,0.507
-7.516,0.0339,0.0263,0.115,0.964
-3.769,0.0534,0.0144,0.665,0.653
-5.085,0.036,0.138,0.273,0.607
-4.862,0.0407,0.237,0.203,0.871
-5.428,0.0526,0.0371,0.058,0.903
-5.862,0.0276,0.153,0.154,0.497
-6.03,0.0447,0.063,0.318,0.604
-4.983,0.0586,0.201,0.404,0.667
-3.579,0.106,0.415,0.107,0.963
-6.342,0.0672,0.133,0.0681,0.709
-8.419,0.329,0.0266,0.152,0.57
-3.75,0.0449,0.132,0.0863,0.969
-10.587,0.0441,0.00188,0.147,0.61
-3.358,0.171,0.00591,0.206,0.709
-6.644,0.0439,0.0271,0.11,0.38
-8.403,0.0377,0.0722,0.199,0.601
-5.4,0.0307,0.123,0.341,0.911
-4.541,0.0409,0.0106,0.0736,0.233
-2.734,0.0324,0.121,0.165,0.931
-2.771,0.0556,0.0285,0.0552,0.669
-4.17,0.081,0.00132,0.107,0.609
-3.132,0.185,0.038,0.255,0.955
-4.243,0.107,0.242,0.0709,0.897
-4.525,0.0481,0.104,0.0813,0.621
-5.176,0.0327,0.00666,0.0724,0.556
-5.042,0.033,0.00135,0.099,0.543
-8.618,0.133,0.0194,0.332,0.476
-5.946,0.269,0.143,0.0771,0.613
-5.459,0.0318,0.15,0.34,0.79
-4.125,0.124,0.183,0.1,0.821
-9.942,0.0427,0.3,0.0665,0.762
-6.516,0.117,0.0513,0.31,0.677
-7.533,0.0621,0.00834,0.39,0.517
-4.229,0.162,0.0303,0.0361,0.895
-9.369,0.247,0.533,0.095,0.74
-5.02,0.0612,0.00579,0.0623,0.59
-3.036,0.12,0.153,0.843,0.822
-10.029,0.0312,0.000211,0.138,0.45
-8.627,0.171,0.0253,0.0698,0.525
-6.665,0.203,0.0267,0.197,0.375
-4.905,0.0297,0.103,0.147,0.206
-6.818,0.124,0.534,0.0784,0.64
-5.115,0.0707,0.00305,0.473,0.685
-5.373,0.129,0.168,0.133,0.904
-6.417,0.0553,0.285,0.0556,0.716
-6.255,0.334,0.00277,0.0532,0.768
-7.853,0.0867,0.00876,0.293,0.547
-8.399,0.0638,0.124,0.0546,0.695
-4.261,0.0582,0.00316,0.144,0.87
-9.053,0.203,0.187,0.0757,0.884
-5.941,0.16,0.0199,0.29,0.754
-3.944,0.0946,0.0901,0.229,0.866
-7.338,0.0594,0.0502,0.0914,0.679
-4.487,0.0319,0.0822,0.0467,0.701
-6.867,0.0318,0.0658,0.0674,0.408
-6.239,0.226,0.31,0.0847,0.86
-8.56,0.488,0.169,0.0783,0.849
-6.133,0.0329,0.0285,0.213,0.91
-6.981,0.0365,0.376,0.06,0.827
-6.26,0.0927,0.0839,0.413,0.65
-5.079,0.0373,0.000424,0.389,0.786
-3.07,0.0835,0.37,0.189,0.96
-5.431,0.0872,0.136,0.0288,0.646
-5.734,0.0325,0.538,0.216,0.51
-13.744,0.0301,0.841,0.112,0.213
-7.77,0.0306,0.513,0.127,0.17
-6.261,0.0633,0.0178,0.286,0.829
-4.386,0.275,0.00281,0.152,0.637
-5.081,0.0239,0.108,0.095,0.347
-4.209,0.216,0.0614,0.095,0.678
-5.218,0.0271,0.0148,0.105,0.789
-5.044,0.0598,0.0826,0.102,0.941
-6.854,0.0287,0.00284,0.0685,0.275
-3.011,0.0736,0.0174,0.128,0.73
-4.653,0.0413,0.0844,0.174,0.567
-4.086,0.311,0.0554,0.041,0.636
-3.782,0.206,0.362,0.169,0.927
-5.424,0.0493,0.124,0.148,0.764
-7.93,0.151,0.273,0.0718,0.554
-9.919,0.0499,0.342,0.0876,0.339
-11.072,0.241,0.0191,0.124,0.818
-8.106,0.0265,0.504,0.0919,0.199
-4.171,0.0491,0.00769,0.139,0.844
-4.719,0.247,0.035,0.0941,0.613
-9.487,0.026,0.315,0.09,0.631
-6.49,0.0478,0.0616,0.244,0.722
-5.961,0.122,0.0275,0.102,0.586
-5.047,0.0497,0.000233,0.0712,0.259
-4.051,0.342,0.0178,0.0634,0.697
-6.567,0.0452,0.503,0.106,0.496
-6.886,0.0349,0.0755,0.367,0.77
-4.507,0.0258,0.084,0.549,0.484
-4.054,0.0338,0.00189,0.143,0.0824
-7.08,0.0631,0.102,0.0651,0.761
-4.578,0.0558,0.318,0.311,0.423
-8.564,0.0614,0.421,0.126,0.5
-4.903,0.0349,0.000966,0.0812,0.502
-8.074,0.14,0.227,0.198,0.607
-2.827,0.0738,0.00286,0.237,0.662
-5.898,0.0459,0.0572,0.3,0.427
-3.862,0.0379,0.323,0.161,0.268
-5.113,0.0267,0.0367,0.115,0.371
-5.328,0.0415,0.691,0.104,0.362
-4.822,0.0684,0.232,0.391,0.839
-6.591,0.147,0.0737,0.187,0.367
-4.315,0.306,0.0142,0.648,0.518
-3.237,0.186,0.0622,0.0816,0.1
-7.392,0.483,0.421,0.0308,0.779
-3.399,0.127,0.0934,0.099,0.825
-5.166,0.0901,0.062,0.0896,0.491
-4.382,0.265,0.106,0.271,0.774
-7.486,0.355,0.171,0.0395,0.7
-5.87,0.0584,0.00958,0.209,0.4
-6.777,0.0948,0.0193,0.0924,0.868
-5.209,0.0336,0.0688,0.193,0.418
-4.944,0.125,0.00369,0.0701,0.554
-3.802,0.0338,0.00287,0.115,0.749
-7.779,0.0728,0.00107,0.292,0.537
-2.942,0.223,0.263,0.39,0.748
-4.54,0.0364,0.00216,0.179,0.304
-1.73,0.0727,0.0381,0.416,0.845
-6.277,0.0382,0.00112,0.425,0.493
-7.503,0.156,0.14,0.201,0.905
-5.803,0.0787,0.0556,0.182,0.74
-4.823,0.139,0.372,0.0926,0.609
-4.039,0.0358,0.0243,0.35,0.854
-4.699,0.323,0.0844,0.0619,0.56
-5.103,0.035,0.0826,0.149,0.195
-6.642,0.0364,0.000748,0.187,0.118
-3.523,0.0608,0.0619,0.0945,0.827
-5.692,0.133,0.245,0.1,0.191
-4.234,0.13,0.0296,0.0537,0.71
-8.786,0.29,0.233,0.111,0.775
-7.645,0.0548,0.292,0.0956,0.631
-4.753,0.12,0.206,0.0615,0.912
-6.061,0.0261,0.285,0.0845,0.654
-3.073,0.322,0.107,0.339,0.436
-4.955,0.0688,0.0881,0.0592,0.908
-3.451,0.0925,0.0996,0.557,0.387
-8.274,0.0688,0.0499,0.35,0.309
-5.074,0.0598,0.0219,0.108,0.919
-6.554,0.0574,0.00616,0.049,0.742
-3.954,0.035,0.0135,0.0903,0.844
-3.9,0.239,0.232,0.18,0.721
-3.442,0.0456,0.0179,0.167,0.875
-6.057,0.18,0.462,0.0485,0.418
-5.529,0.0525,0.141,0.0441,0.923
-4.062,0.0926,0.00981,0.234,0.567
-7.442,0.32,0.252,0.665,0.519
-6.066,0.0428,0.0288,0.0533,0.48
-6.118,0.151,0.317,0.27,0.742
-8.049,0.0277,0.255,0.108,0.208
-5.758,0.208,0.397,0.211,0.761
-8.718,0.106,0.0903,0.363,0.784
-3.557,0.125,0.0602,0.228,0.746
-5.757,0.223,0.0084,0.0342,0.46
-5.285,0.0309,0.00312,0.313,0.863
-4.927,0.0646,0.0439,0.0703,0.9
-6.997,0.229,0.195,0.305,0.533
-5.122,0.034,0.0524,0.243,0.572
-4.753,0.174,0.0687,0.0783,0.87
-6.553,0.0289,0.241,0.124,0.695
-6.813,0.0284,0.246,0.188,0.336
-3.267,0.046,0.0011,0.173,0.96
-8.323,0.158,0.333,0.064,0.495
-5.076,0.0586,0.0862,0.0906,0.924
-7.215,0.0279,0.599,0.183,0.255
-5.603,0.283,0.0778,0.0732,0.584
-6.136,0.028,0.333,0.0956,0.27
-3.538,0.162,0.0302,0.339,0.56
-6.035,0.0504,0.000101,0.076,0.257
-6.104,0.199,0.208,0.242,0.839
-5.763,0.0532,0.347,0.106,0.707
-4.417,0.0482,6.79E-05,0.358,0.484
-5.601,0.0548,0.0011,0.226,0.601
-6.857,0.0245,0.579,0.112,0.418
-5.586,0.145,0.0216,0.172,0.828
-4.938,0.107,0.0264,0.102,0.198
-5.972,0.0502,0.000385,0.133,0.717
-4.127,0.0322,0.0209,0.067,0.665
-5.191,0.0884,0.0887,0.0283,0.858
-12.185,0.0261,0.429,0.174,0.677
-5.428,0.0299,0.00192,0.504,0.52
-4.958,0.0459,0.0478,0.0304,0.806
-6.094,0.0365,0.00571,0.3,0.202
-5.178,0.0322,0.00052,0.109,0.221
-5.433,0.0323,0.00935,0.753,0.584
-8.73,0.235,0.0949,0.592,0.892
-5.153,0.042,0.109,0.325,0.502
-5.529,0.0312,0.00138,0.0677,0.17
-9.101,0.0286,0.00466,0.122,0.652
-7.608,0.0292,0.504,0.111,0.27
-5.305,0.0297,0.0277,0.135,0.868
-4.537,0.0562,0.00691,0.14,0.499
-5.455,0.0278,0.0553,0.298,0.193
-6.176,0.401,0.0958,0.0288,0.717
-4.754,0.0756,0.00234,0.0621,0.615
-2.752,0.366,0.255,0.0708,0.777
-4.143,0.036,0.615,0.158,0.726
-4.616,0.264,0.00921,0.342,0.0596
-6.596,0.226,0.00249,0.0715,0.681
-4.315,0.0494,0.00204,0.137,0.827
-3.18,0.184,0.101,0.132,0.828
-5.448,0.188,0.00733,0.0575,0.96
-3.966,0.243,0.0637,0.237,0.561
-5.767,0.0474,0.0411,0.105,0.381
-3.626,0.104,0.163,0.0745,0.339
-4.315,0.306,0.0142,0.648,0.518
-4.951,0.0371,0.399,0.15,0.942
-3.935,0.0349,0.0526,0.0925,0.651
-5.148,0.314,0.23,0.15,0.327
-3.024,0.346,0.0521,0.0368,0.848
-6.93,0.0356,0.0457,0.0357,0.824
-3.554,0.131,0.111,0.0731,0.594
-3.09,0.183,0.0135,0.0719,0.673
-3.188,0.0698,0.00721,0.242,0.296
-4.629,0.0309,0.0303,0.137,0.962
-7.51,0.0586,0.252,0.661,0.808
-5.157,0.0421,0.00461,0.139,0.453
-8.019,0.0396,0.022,0.194,0.12
-6.02,0.21,0.1,0.049,0.889
-3.041,0.268,0.688,0.0841,0.535
-9.867,0.0375,0.618,0.234,0.511
-6.635,0.089,0.32,0.213,0.85
-6.814,0.0305,0.183,0.38,0.442
-6.682,0.0283,0.0365,0.193,0.514
-6.055,0.141,0.201,0.0521,0.817
-7.627,0.0805,0.00601,0.306,0.313
-5.799,0.307,0.0149,0.355,0.518
-9.17,0.22,0.0825,0.221,0.791
-7.872,0.272,0.116,0.268,0.502
-4.481,0.192,0.0326,0.0651,0.538
-5.659,0.0391,0.000616,0.226,0.597
-6.228,0.0329,0.325,0.137,0.848
-3.103,0.0337,0.343,0.0757,0.509
-5.819,0.117,0.000172,0.189,0.534
-5.123,0.029,0.00189,0.0859,0.917
-6.197,0.362,0.0391,0.0798,0.777
-5.861,0.0365,0.00344,0.328,0.88
-4.749,0.295,0.176,0.169,0.907
-4.92,0.116,0.0111,0.0367,0.648
-6.488,0.295,0.000787,0.318,0.629
-6.66,0.0271,0.497,0.119,0.0902
-4.904,0.0287,0.0485,0.15,0.459
-3.552,0.2,0.0199,0.141,0.873
-5.913,0.13,0.453,0.0801,0.759
-3.977,0.253,0.15,0.0614,0.891
-4.164,0.137,0.0017,0.0426,0.185
-8.831,0.339,0.178,0.0553,0.935
-6.491,0.109,0.194,0.309,0.722
-3.846,0.299,0.349,0.0427,0.895
-9.74,0.317,0.0847,0.079,0.618
-5.264,0.505,0.362,0.317,0.439
-6.031,0.0346,0.00189,0.0492,0.795
-10.284,0.043,0.212,0.0728,0.51
-1.357,0.201,0.235,0.552,0.45
-7.577,0.0348,0.444,0.221,0.199
-4.936,0.132,0.299,0.0881,0.963
-12.932,0.0743,0.211,0.113,0.428
-5.873,0.0776,0.508,0.0753,0.319
-4.722,0.0302,1.92E-05,0.0517,0.511
-3.587,0.138,0.0733,0.0936,0.908
-4.855,0.349,0.367,0.0916,0.801
-3.914,0.182,0.103,0.0666,0.694
-5.611,0.0284,0.00385,0.103,0.374
-3.657,0.0457,0.107,0.0692,0.525
-6.582,0.183,0.577,0.104,0.564
-5.08,0.0278,0.254,0.11,0.376
-5.074,0.0282,0.00202,0.328,0.783
-6.849,0.0473,0.506,0.157,0.352
-5.531,0.286,0.0305,0.0884,0.887
-7.215,0.0279,0.599,0.183,0.255
-4.984,0.0594,0.00676,0.174,0.477
-5.603,0.283,0.0778,0.0732,0.584
-3.006,0.0582,0.408,0.16,0.849
-2.623,0.0803,0.046,0.203,0.846
-5.477,0.0276,0.00797,0.0997,0.516
-5.038,0.319,0.0811,0.113,0.59
-8.804,0.132,0.492,0.184,0.513
-5.265,0.107,0.271,0.158,0.446
-6.863,0.0981,0.176,0.252,0.586
-6.823,0.0401,0.327,0.081,0.294
-2.281,0.0357,0.039,0.133,0.966
-5.909,0.181,0.0893,0.0838,0.948
-6.569,0.458,0.231,0.0794,0.811
-6.359,0.137,0.0769,0.0706,0.592
-6.653,0.199,0.0566,0.406,0.433
-5.263,0.0403,0.0298,0.707,0.429
-4.932,0.0464,0.126,0.0638,0.635
-7.886,0.0523,0.233,0.118,0.58
-4.577,0.0457,0.00575,0.362,0.556
-7.608,0.0292,0.504,0.111,0.27
-3.685,0.0374,0.00043,0.0686,0.609
-5.656,0.0444,0.0479,0.177,0.317
-5.11,0.0336,0.000603,0.101,0.77
-7.462,0.0291,0.08,0.117,0.208
-8.674,0.0368,0.145,0.108,0.383
-4.699,0.112,0.0183,0.0388,0.583
-4.612,0.0378,0.0525,0.093,0.809
-3.914,0.114,0.0249,0.242,0.924
-2.261,0.0664,0.103,0.174,0.965
-4.649,0.029,0.0129,0.159,0.0681
-3.567,0.0321,0.0697,0.0929,0.325
-6.499,0.0618,0.332,0.0789,0.753
-2.208,0.126,0.117,0.292,0.797
-3.947,0.0427,0.177,0.0577,0.672
-3.344,0.415,0.11,0.0746,0.695
-4.552,0.0373,0.00908,0.279,0.47
-2.557,0.0628,0.0509,0.384,0.731
-5.576,0.0434,0.0374,0.188,0.278
-4.481,0.0275,0.000109,0.484,0.75
-3.925,0.0968,0.0154,0.1,0.385
-8.65,0.0857,0.239,0.102,0.643
-4.153,0.0381,0.0046,0.639,0.243
-4.289,0.22,0.0923,0.24,0.429
-4.475,0.101,0.023,0.107,0.354
-3.383,0.0828,0.497,0.116,0.844
-4.971,0.0847,0.0775,0.136,0.619
-5,0.0462,0.347,0.116,0.4
-5.958,0.0637,0.00727,0.0979,0.545
-6.518,0.375,0.00427,0.839,0.447
-6.306,0.0491,0.0277,0.298,0.872
-3.347,0.149,0.0369,0.326,0.962
-5.76,0.0284,0.0114,0.0745,0.465
-6.476,0.0922,2.06E-05,0.219,0.35
-6.825,0.0394,0.0884,0.117,0.88
-4.423,0.118,0.0127,0.103,0.619
-6.313,0.0432,0.0202,0.0576,0.877
-3.041,0.268,0.688,0.0841,0.535
-3.716,0.254,0.0756,0.359,0.662
-7.147,0.318,0.0319,0.339,0.645
-4.419,0.0308,0.0838,0.0556,0.973
-3.66,0.0497,0.000516,0.161,0.177
-5.409,0.0349,0.00331,0.26,0.846
-6.345,0.232,0.104,0.584,0.933
-6.022,0.128,0.0509,0.094,0.322
-5.096,0.0395,0.0371,0.0519,0.886
-6.068,0.0439,0.00986,0.206,0.759
-5.218,0.0303,0.108,0.0909,0.581
-8.691,0.253,0.156,0.0763,0.464
-4.207,0.104,0.0108,0.0753,0.612
-6.696,0.0711,0.291,0.0974,0.695
-3.56,0.0467,0.0581,0.281,0.962
-4.904,0.0287,0.0485,0.15,0.459
-3.832,0.216,0.169,0.102,0.676
-5.384,0.172,0.102,0.116,0.756
-4.612,0.0536,0.00083,0.068,0.659
-2.221,0.237,0.28,0.188,0.547
-3.092,0.162,0.0649,0.592,0.313
-6.879,0.0361,0.0405,0.0351,0.875
-5.926,0.183,0.0918,0.217,0.962
-2.983,0.257,0.0298,0.141,0.587
-6.722,0.125,0.0436,0.287,0.802
-5.087,0.0704,0.00277,0.329,0.418
-5.435,0.179,0.182,0.281,0.777
-4.831,0.0786,0.00402,0.256,0.8
-12.852,0.0337,0.966,0.116,0.114
-3.974,0.0613,0.000138,0.147,0.632
-8.821,0.0377,0.000409,0.136,0.527
-5.827,0.315,0.0653,0.044,0.654
-3.651,0.132,0.106,0.0675,0.889
-9.867,0.0946,0.0248,0.131,0.792
-4.686,0.323,0.614,0.317,0.715
-9.206,0.0356,0.863,0.134,0.101
-4.237,0.0423,0.0498,0.0982,0.642
-5.348,0.0453,0.0128,0.338,0.639
-5.074,0.0282,0.00202,0.328,0.783
-2.92,0.0386,0.00462,0.358,0.484
-5.659,0.171,0.314,0.284,0.611
-2.042,0.0639,2.64E-05,0.368,0.769
-6.636,0.108,0.0217,0.0374,0.75
-6.466,0.0391,0.237,0.104,0.788
-9.711,0.0317,0.555,0.125,0.279
-6.11,0.247,0.00865,0.158,0.66
-5.077,0.0803,0.13,0.28,0.501
-6.102,0.409,0.101,0.233,0.702
-2.407,0.0758,0.00136,0.369,0.74
-6.823,0.0401,0.327,0.081,0.294
-6.245,0.0653,0.214,0.0404,0.575
-9.092,0.0803,0.226,0.137,0.536
-6.817,0.0252,0.0492,0.205,0.233
-4.832,0.484,0.149,0.139,0.434
-5.337,0.294,0.261,0.348,0.819
-13.2,0.0312,0.856,0.0979,0.106
-8.238,0.118,0.257,0.0465,0.676
-9.481,0.0818,0.377,0.0813,0.448
-5.395,0.038,0.00232,0.141,0.667
-1.729,0.299,0.23,0.0305,0.895
-4.894,0.325,0.548,0.0687,0.89
-4.932,0.0464,0.126,0.0638,0.635
-4.21,0.0621,0.00127,0.0753,0.697
-4.583,0.108,0.0923,0.215,0.605
-3.489,0.359,0.0193,0.104,0.398
-17.217,0.0374,0.976,0.103,0.304
-4.286,0.0773,0.0572,0.11,0.772
-8.674,0.0368,0.145,0.108,0.383
-8.264,0.187,0.59,0.342,0.249
-7.918,0.0629,0.0264,0.0865,0.767
-8.97,0.0922,0.235,0.118,0.556
-5.572,0.348,0.0195,0.0554,0.623
-8.415,0.159,0.000155,0.101,0.498
-7.961,0.466,0.0253,0.38,0.755
-9.87,0.0278,0.633,0.088,0.454
-3.68,0.0309,0.00394,0.0383,0.506
-3.475,0.099,0.00542,0.127,0.549
-4.013,0.0309,0.448,0.151,0.52
-5.897,0.132,0.0345,0.755,0.666
-7.695,0.0452,0.0039,0.0686,0.405
-6.672,0.41,0.0322,0.315,0.527
-3.321,0.0407,0.279,0.0648,0.786
-6.152,0.366,0.409,0.107,0.676
-4.195,0.151,0.145,0.0748,0.86
-2.728,0.0416,0.0294,0.206,0.722
-3.681,0.0751,0.0141,0.363,0.365
-4.162,0.0911,0.0583,0.0795,0.88
-4.763,0.231,0.206,0.279,0.71
-7.401,0.251,0.0455,0.0332,0.637
-6.721,0.129,0.0246,0.393,0.212
-4.875,0.0514,0.0901,0.0315,0.836
-5.924,0.222,0.111,0.109,0.586
-7.135,0.0506,0.000298,0.0697,0.357
-5.996,0.246,0.0277,0.0839,0.557
-5.461,0.105,0.0508,0.097,0.749
-5.096,0.12,0.0218,0.628,0.362
-4.254,0.166,0.0603,0.582,0.751
-4.781,0.207,0.14,0.123,0.435
-6.679,0.177,0.00836,0.613,0.772
-2.76,0.061,0.00937,0.547,0.604
-7.88,0.0352,0.331,0.238,0.619
-3.638,0.0431,0.0248,0.084,0.777
-5.096,0.061,0.0485,0.076,0.814
-7.728,0.0459,0.000839,0.157,0.08
-3.798,0.266,0.209,0.156,0.254
-5.367,0.0427,0.0297,0.123,0.812
-5.852,0.0372,0.0229,0.298,0.966
-5.308,0.127,0.0319,0.325,0.666
-4.458,0.0429,0.0381,0.0633,0.828
-8.013,0.126,0.000213,0.243,0.586
-6.626,0.372,0.00341,0.111,0.659
-7.994,0.428,0.0351,0.0932,0.622
-7.105,0.121,0.0311,0.0471,0.81
-3.152,0.109,0.033,0.0899,0.858
-7.324,0.0336,0.409,0.106,0.316
-4.896,0.103,0.179,0.401,0.626
-4.834,0.0331,0.231,0.0768,0.165
-5.952,0.045,0.000204,0.105,0.189
-3.768,0.27,0.258,0.164,0.379
-3.832,0.216,0.169,0.102,0.676
-7.558,0.372,0.0628,0.0644,0.52
-6.799,0.361,0.0444,0.0833,0.904
-10.94,0.161,0.0444,0.0475,0.801
-4.683,0.332,0.115,0.0416,0.891
-5.16,0.263,0.0594,0.118,0.184
-2.896,0.0448,0.0724,0.801,0.79
-4.49,0.0316,0.00115,0.149,0.309
-2.221,0.0929,0.35,0.0234,0.904
-5.695,0.113,0.176,0.0867,0.507
-3.881,0.0791,0.0014,0.582,0.289
-6.203,0.0615,0.0743,0.0348,0.687
-5.352,0.0467,0.0964,0.0788,0.663
-7.076,0.0245,0.462,0.062,0.572
-15.636,0.0322,0.516,0.122,0.344
-6.183,0.22,0.0541,0.429,0.532
-6.816,0.0395,0.0422,0.101,0.386
-13.203,0.347,0.00112,0.107,0.595
-4.325,0.18,0.0107,0.556,0.478
-8.365,0.0876,0.0465,0.0646,0.504
-4.556,0.0407,0.00466,0.242,0.577
-4.682,0.0382,0.00165,0.197,0.425
-5.299,0.186,0.16,0.0784,0.604
-6.596,0.0314,0.631,0.0886,0.172
-7.042,0.28,0.278,0.339,0.602
-3.295,0.0494,0.0875,0.226,0.484
-4.19,0.0356,0.00225,0.376,0.778
-5.966,0.0336,0.372,0.27,0.14
-8.244,0.199,0.0915,0.0898,0.611
-3.241,0.0766,0.0243,0.12,0.41
-4.606,0.0623,0.027,0.119,0.805
-5.284,0.0313,0.248,0.124,0.15
-4.914,0.0387,0.0181,0.111,0.491
-3.756,0.0292,0.000932,0.136,0.385
-11.617,0.108,0.088,0.081,0.166
-7.043,0.197,0.286,0.235,0.464
-6.408,0.0587,0.283,0.0708,0.382
-10.054,0.0241,0.459,0.151,0.369
-3.499,0.0675,0.129,0.0931,0.305
-3.489,0.359,0.0193,0.104,0.398
-10.02,0.0803,0.0065,0.158,0.464
-6.765,0.0577,0.00488,0.0746,0.353
-5.713,0.0449,0.225,0.112,0.664
-6.019,0.105,0.31,0.04,0.556
-5.354,0.0322,0.00206,0.113,0.382
-5.652,0.0247,0.00275,0.105,0.346
-4.253,0.0432,0.000343,0.548,0.462
-4.461,0.0393,0.266,0.109,0.646
-3.52,0.0281,0.0322,0.355,0.801
-5.119,0.0696,0.000769,0.188,0.369
-5.892,0.0707,0.284,0.405,0.758
-4.675,0.0685,0.106,0.0712,0.822
-5.562,0.0789,0.0584,0.0519,0.964
-4.637,0.382,0.0293,0.167,0.509
-13.609,0.0552,0.0541,0.34,0.777
-4.905,0.0361,0.004,0.413,0.527
-4.589,0.0336,0.0505,0.105,0.64
-6.62,0.37,0.0043,0.197,0.442
-4.81,0.0397,0.0261,0.121,0.787
-3.708,0.122,0.0714,0.0509,0.902
-6.45,0.0756,0.0176,0.658,0.386
-6.229,0.046,0.00121,0.169,0.443
-4.68,0.0993,0.189,0.3,0.835
-3.15,0.181,0.00937,0.752,0.744
-6.098,0.0506,0.0569,0.154,0.868
-4.525,0.229,0.0154,0.0862,0.518
-3.04,0.225,0.067,0.041,0.718
-4.338,0.27,0.152,0.247,0.477
-6.887,0.109,0.0248,0.0405,0.629
-5.785,0.117,0.0507,0.157,0.534
-5.559,0.169,0.00798,0.495,0.794
-3.727,0.0439,0.0492,0.0877,0.782
-7.033,0.0466,0.00374,0.118,0.444
-6.534,0.0816,0.096,0.0396,0.839
-4.802,0.0294,0.352,0.0655,0.739
-7.448,0.277,0.0241,0.123,0.329
-6.382,0.0434,0.00952,0.0998,0.55
-5.029,0.23,0.00647,0.29,0.626
-8.502,0.137,0.0195,0.0322,0.758
-7.041,0.141,0.0949,0.282,0.645
-7.702,0.0612,0.0986,0.131,0.609
-6.087,0.026,0.527,0.123,0.182
-5.881,0.224,0.277,0.682,0.808
-4.088,0.0276,0.000731,0.414,0.522
-7.737,0.241,0.0358,0.307,0.84
-4.154,0.0405,0.142,0.118,0.372
-5.894,0.357,0.216,0.166,0.633
-5.369,0.0555,0.00461,0.371,0.493
-7.994,0.428,0.0351,0.0932,0.622
-6.556,0.211,0.00928,0.205,0.48
-4.941,0.341,0.0071,0.0743,0.355
-5.045,0.071,0.000738,0.0524,0.566
-5.476,0.352,0.0553,0.273,0.75
-5.316,0.19,0.000182,0.058,0.779
-5.758,0.062,0.175,0.044,0.554
-4.67,0.0294,0.000241,0.0697,0.806
-5.881,0.0998,0.0717,0.262,0.673
-3.918,0.0473,0.0232,0.355,0.879
-8.607,0.0334,0.839,0.227,0.349
-4.912,0.342,0.0114,0.309,0.554
-5.854,0.307,0.082,0.1,0.6
-4.094,0.0524,0.00193,0.293,0.328
-6.66,0.286,0.0825,0.12,0.587
-5.153,0.0309,0.000681,0.107,0.293
-3.198,0.154,0.00523,0.0854,0.449
-3.667,0.0301,0.423,0.131,0.167
-4.365,0.0344,0.0155,0.169,0.332
-6.79,0.27,0.15,0.299,0.612
-5.665,0.0375,0.142,0.145,0.294
-6.869,0.262,0.0259,0.114,0.778
-4.758,0.199,0.0341,0.117,0.407
-5.409,0.0613,0.00185,0.102,0.594
-3.887,0.218,0.0805,0.376,0.883
-4.285,0.0283,0.064,0.1,0.318
-5.938,0.0259,0.00143,0.221,0.733
-6.446,0.0413,0.297,0.0604,0.494
-5.338,0.0431,0.0113,0.146,0.685
-3.161,0.0777,0.0841,0.129,0.269
-5.931,0.416,0.016,0.0831,0.609
-3.607,0.0309,0.0132,0.0701,0.734
-5.134,0.0277,0.0088,0.265,0.33
-2.36,0.0437,0.0193,0.346,0.73
-3.409,0.0276,0.0195,0.342,0.845
-8.336,0.31,0.246,0.189,0.58
-5.386,0.0341,0.0208,0.209,0.238
-4.563,0.12,0.0132,0.108,0.537
-3.14,0.144,0.0491,0.0826,0.586
-3.309,0.238,0.262,0.113,0.25
-6.408,0.0587,0.283,0.0708,0.382
-4.481,0.14,0.0737,0.12,0.672
-12.591,0.0512,0.953,0.0903,0.273
-4.722,0.222,0.00376,0.103,0.511
-9.706,0.0294,0.784,0.0805,0.172
-2.771,0.0363,3.82E-05,0.334,0.816
-4.623,0.0691,0.0065,0.278,0.735
-10.38,0.0688,0.00544,0.193,0.512
-7.788,0.0641,0.328,0.34,0.917
-6.333,0.0399,0.00584,0.0822,0.629
-4.975,0.0305,0.295,0.355,0.149
-6.496,0.114,0.216,0.0855,0.578
-4.554,0.045,5.48E-05,0.176,0.501
-4.08,0.0379,0.269,0.101,0.361
-6.815,0.358,0.544,0.606,0.719
-4.103,0.0752,0.000289,0.222,0.236
-3.495,0.042,0.00379,0.318,0.686
-4.253,0.0432,0.000343,0.548,0.462
-4.606,0.029,0.0548,0.0974,0.591
-5.847,0.272,0.119,0.209,0.57
-4.569,0.0274,0.00462,0.0756,0.46
-6.209,0.0892,0.0759,0.149,0.737
-5.886,0.0357,0.188,0.146,0.225
-4.603,0.134,0.00864,0.0426,0.575
-3.131,0.0334,0.25,0.0723,0.382
-4.296,0.0335,0.205,0.0945,0.253
-4.789,0.0544,0.00253,0.124,0.896
-10.572,0.0293,0.872,0.114,0.298
-4.751,0.0709,0.122,0.573,0.432
-3.502,0.0343,0.191,0.178,0.73
-6.492,0.1,0.181,0.319,0.765
-6.328,0.139,0.0476,0.0543,0.809
-3.425,0.046,0.00022,0.146,0.715
-4.804,0.0425,0.0015,0.292,0.312
-3.988,0.0301,0.00133,0.0551,0.961
-5.166,0.0475,0.317,0.0909,0.932
-3.904,0.0632,0.168,0.0799,0.815
-5.44,0.132,0.0828,0.034,0.418
-4.543,0.0523,0.00102,0.0917,0.324
-4.474,0.202,0.0153,0.0992,0.491
-5.751,0.145,0.267,0.0867,0.425
-7.858,0.153,0.00564,0.408,0.49
-3.74,0.0703,0.00554,0.164,0.418
-5.084,0.0781,0.495,0.289,0.821
-9.387,0.0417,0.0359,0.308,0.352
-2.18,0.0786,0.515,0.0468,0.803
-5.063,0.197,0.0106,0.0842,0.767
-3.688,0.0528,0.00144,0.034,0.886
-4.902,0.0349,0.00101,0.197,0.74
-4.032,0.241,0.123,0.0496,0.674
-6.133,0.039,0.0122,0.82,0.102
-6.632,0.0603,0.278,0.0626,0.724
-5.285,0.0324,0.0141,0.138,0.287
-5.032,0.0623,0.166,0.0855,0.972
-3.386,0.225,0.0506,0.0693,0.551
-4.633,0.0395,0.00541,0.507,0.68
-3.486,0.0456,0.157,0.233,0.861
-7.228,0.087,0.0756,0.328,0.477
-6.349,0.576,0.277,0.495,0.485
-6.886,0.0995,0.33,0.199,0.562
-3.509,0.0518,0.00141,0.0543,0.607
-4.154,0.0405,0.142,0.118,0.372
-4.706,0.191,8.15E-05,0.0871,0.463
-5.881,0.224,0.277,0.682,0.808
-6.447,0.23,0.298,0.103,0.565
-3.647,0.0508,0.114,0.61,0.596
-3.063,0.0632,0.0506,0.184,0.856
-5.454,0.0511,0.0143,0.0466,0.942
-6.065,0.0378,6.52E-05,0.486,0.585
-2.433,0.102,0.000722,0.209,0.669
-5.784,0.0356,0.528,0.0951,0.828
-3.476,0.0538,0.0467,0.311,0.413
-3.696,0.0813,0.0982,0.202,0.706
-6.008,0.47,0.102,0.297,0.703
-2.776,0.0381,0.000418,0.25,0.713
-8.539,0.133,0.0611,0.214,0.405
-7.562,0.248,0.0147,0.0907,0.714
-7.72,0.316,0.0576,0.128,0.831
-5.446,0.134,0.189,0.129,0.821
-5.477,0.183,0.0185,0.148,0.688
-3.004,0.0386,0.0459,0.343,0.693
-5.057,0.0623,0.00511,0.106,0.588
-6.247,0.0549,0.34,0.213,0.852
-3.126,0.0805,0.00725,0.206,0.572
-13.964,0.0373,0.134,0.0861,0.378
-5.165,0.213,0.197,0.205,0.773
-5.757,0.0425,0.409,0.0819,0.439
-4.829,0.0487,0.0523,0.0263,0.706
-5.438,0.0329,0.0258,0.16,0.877
-4.462,0.0395,0.00877,0.271,0.413
-2.429,0.0357,0.00485,0.0577,0.881
-4.07,0.0636,0.000747,0.0327,0.408
-3.677,0.0735,0.00272,0.113,0.731
-5.295,0.029,0.205,0.175,0.254
-6.863,0.222,0.00308,0.352,0.645
-4.04,0.0431,0.000917,0.028,0.365
-5.926,0.126,0.0419,0.0775,0.26
-2.82,0.0512,0.00673,0.0774,0.448
-4.334,0.0403,0.00128,0.137,0.346
-6.957,0.183,0.0917,0.101,0.743
-6.564,0.298,0.0847,0.092,0.483
-2.189,0.0399,0.000665,0.127,0.464
-5.799,0.0454,0.0242,0.364,0.669
-4.713,0.23,0.0125,0.142,0.72
-6.075,0.0687,0.15,0.256,0.769
-6.035,0.0371,0.225,0.226,0.34
-7.928,0.0269,0.0652,0.0789,0.768
-3.318,0.0405,0.271,0.119,0.29
-6.731,0.0652,0.00184,0.466,0.656
-8.137,0.262,0.0108,0.0737,0.594
-6.142,0.0742,0.0104,0.107,0.378
-3.921,0.0323,0.191,0.228,0.168
-5.181,0.43,0.0368,0.0721,0.433
-4.981,0.0664,0.0304,0.113,0.587
-3.049,0.0459,0.00143,0.38,0.396
-6.734,0.0281,0.25,0.184,0.352
-3.51,0.0553,0.0772,0.341,0.529
-4.012,0.0635,0.00166,0.178,0.505
-4.226,0.034,0.0376,0.348,0.348
-7.268,0.0504,0.17,0.058,0.723
-3.674,0.0499,0.116,0.119,0.599
-6.97,0.283,0.329,0.252,0.815
-5.64,0.0791,0.0928,0.139,0.304
-3.173,0.0677,0.00223,0.132,0.696
-7.536,0.0715,0.248,0.0941,0.572
-5.415,0.0285,0.0209,0.134,0.167
-6.017,0.0278,0.0292,0.097,0.101
-5.714,0.145,0.48,0.194,0.727
-4.298,0.0698,0.134,0.145,0.655
-6.126,0.0313,0.107,0.354,0.427
-5.957,0.0756,0.00437,0.0816,0.807
-5.144,0.057,0.0271,0.0648,0.445
-3.988,0.0301,0.00133,0.0551,0.961
-4.515,0.0571,0.0863,0.168,0.722
-6.139,0.0576,0.000337,0.355,0.483
-3.866,0.0445,0.689,0.107,0.85
-9.469,0.0831,0.056,0.137,0.45
-5.503,0.354,0.0213,0.0856,0.354
-7.578,0.0399,0.0381,0.386,0.43
-4.922,0.0652,0.00994,0.234,0.767
-3.956,0.0418,7.95E-05,0.0688,0.861
-5.582,0.0643,0.0336,0.0535,0.542
-3.973,0.0682,0.003,0.0578,0.504
-4.194,0.152,0.262,0.413,0.607
-5.226,0.0622,0.073,0.0889,0.235
-4.949,0.0295,0.000563,0.112,0.836
-6.351,0.0538,0.00499,0.291,0.623
-6.091,0.0353,0.00342,0.0887,0.272
-3.512,0.0414,0.0933,0.143,0.972
-5.762,0.05,0.00165,0.398,0.368
-8.793,0.0732,0.0352,0.147,0.449
-2.18,0.0786,0.515,0.0468,0.803
-5.054,0.216,0.0902,0.0857,0.782
-3.363,0.255,0.071,0.211,0.478
-6.437,0.0738,0.0225,0.154,0.576
-8.636,0.278,0.0387,0.194,0.773
-6.718,0.038,0.0327,0.18,0.305
-5.098,0.177,0.0149,0.112,0.801
-7.051,0.0508,0.164,0.164,0.553
-3.386,0.225,0.0506,0.0693,0.551
-3.486,0.0456,0.157,0.233,0.861
-2.423,0.121,0.121,0.0317,0.845
-4.281,0.0451,0.0476,0.154,0.792
-5.035,0.0288,0.0607,0.163,0.585
-4.23,0.128,0.0239,0.11,0.386
-7.421,0.0797,0.16,0.406,0.617
-4.371,0.0317,0.0659,0.274,0.452
-4.321,0.0696,0.0182,0.256,0.634
-3.892,0.0391,0.203,0.108,0.682
-3.159,0.0638,0.00428,0.197,0.601
-7.059,0.189,0.337,0.115,0.918
-2.99,0.326,0.171,0.07,0.512
-4.146,0.0338,0.000821,0.0982,0.527
-4.13,0.0825,0.000262,0.192,0.215
-5.018,0.349,0.0724,0.0563,0.382
-5.158,0.05,0.0912,0.151,0.818
-3.078,0.0425,0.000334,0.241,0.462
-7.67,0.0323,0.0542,0.112,0.112
-4.061,0.0282,0.0253,0.744,0.418
-6.175,0.222,0.033,0.65,0.485
-4.808,0.0602,0.00153,0.118,0.282
-5.466,0.202,0.151,0.379,0.851
-7.736,0.0502,0.0996,0.224,0.84
-3.871,0.0719,0.00076,0.361,0.172
-4.497,0.0581,0.0109,0.054,0.887
-4.847,0.118,0.00188,0.676,0.702
-4.678,0.0331,0.0137,0.234,0.603
-9.702,0.0341,0.014,0.119,0.0406
-6.884,0.135,0.0468,0.0667,0.755
-5.976,0.0732,0.0572,0.167,0.346
-5.65,0.0763,0.00116,0.112,0.42
-4.758,0.0341,0.0085,0.151,0.937
-3.152,0.0893,0.0451,0.363,0.959
-7.24,0.167,0.154,0.339,0.807
-4.914,0.029,0.00967,0.0833,0.321
-6.166,0.0291,0.428,0.122,0.0923
-3.836,0.0798,0.00221,0.486,0.79
-6.162,0.0709,0.0161,0.261,0.467
-5.564,0.0737,0.358,0.0912,0.611
-4.274,0.0332,0.0659,0.0756,0.251
-6.211,0.0291,0.654,0.195,0.0942
-3.61,0.117,0.0394,0.101,0.588
-4.672,0.0289,0.0825,0.0384,0.691
-7.115,0.0287,0.0954,0.109,0.417
-5.653,0.054,0.00172,0.136,0.374
-6.881,0.346,0.00305,0.439,0.487
-3.774,0.0332,0.266,0.133,0.964
-4.718,0.0322,0.00836,0.0719,0.487
-8.391,0.361,0.64,0.118,0.447
-4.8,0.0438,0.0191,0.373,0.684
-5.036,0.0399,0.431,0.101,0.547
-7.875,0.0374,0.0614,0.115,0.11
-6.007,0.325,0.299,0.614,0.926
-3.887,0.051,0.0448,0.072,0.659
-5.59,0.119,0.0912,0.216,0.762
-3.462,0.0817,0.0296,0.331,0.807
-6.015,0.361,0.207,0.359,0.472
-4.456,0.0459,0.0368,0.184,0.438
-6.09,0.0255,0.291,0.111,0.329
-4.251,0.0506,0.512,0.13,0.549
-4.046,0.131,0.191,0.296,0.452
-8.869,0.049,0.00179,0.0772,0.0756
-6.375,0.0265,0.0873,0.509,0.61
-4.62,0.0787,0.118,0.121,0.787
-5.908,0.0628,0.272,0.0563,0.472
-5.018,0.0486,0.0771,0.131,0.801
-6.852,0.0551,0.009,0.232,0.705
-3.97,0.0311,0.131,0.0772,0.306
-8.164,0.227,0.00301,0.0763,0.761
-5.215,0.052,0.147,0.0713,0.761
-5.611,0.0523,0.00569,0.317,0.844
-2.336,0.0741,0.0431,0.0789,0.692
-5.172,0.0441,0.000941,0.281,0.558
-6.857,0.0735,0.00474,0.324,0.4
-5.983,0.136,0.0515,0.248,0.654
-6.359,0.0653,0.462,0.122,0.803
-4.541,0.0311,0.0264,0.181,0.745
-7.296,0.0339,0.0192,0.0523,0.544
-5.995,0.149,0.0142,0.237,0.8
-5.557,0.0625,0.0465,0.826,0.369
-5.986,0.111,0.0895,0.0618,0.788
-3.124,0.0321,0.00645,0.108,0.716
-5.892,0.0663,0.13,0.13,0.402
-7.448,0.0443,0.285,0.225,0.867
-3.973,0.0438,0.113,0.094,0.397
-1.538,0.392,0.0295,0.46,0.811
-3.527,0.0474,0.258,0.283,0.65
-5.603,0.0439,0.295,0.15,0.446
-5.87,0.0432,0.0167,0.314,0.898
-3.365,0.0362,0.000235,0.0983,0.38
-4.41,0.0397,0.000683,0.0678,0.434
-1.802,0.29,0.281,0.263,0.441
-3.755,0.0363,0.00314,0.0842,0.714
-3.363,0.255,0.071,0.211,0.478
-1.203,0.0792,0.107,0.129,0.67
-3.34,0.22,0.00615,0.253,0.74
-5.089,0.138,0.0206,0.342,0.874
-5.754,0.0447,0.046,0.107,0.265
-3.104,0.0269,0.000969,0.406,0.489
-8.871,0.027,0.459,0.128,0.152
-4.493,0.0321,0.0108,0.0822,0.683
-5.09,0.061,0.00293,0.134,0.0949
-4.614,0.0253,0.0165,0.169,0.498
-5.873,0.0912,0.013,0.0679,0.727
-3.781,0.112,0.0185,0.0677,0.795
-2.571,0.186,0.0864,0.173,0.391
-4.907,0.0299,0.0653,0.195,0.407
-3.912,0.0377,0.0105,0.483,0.747
-4.711,0.19,0.171,0.327,0.589
-4.577,0.0712,0.0355,0.0759,0.968
-3.742,0.254,0.0163,0.189,0.514
-3.919,0.061,0.0476,0.0797,0.879
-4.371,0.0317,0.0659,0.274,0.452
-4.442,0.0889,0.123,0.112,0.629
-3.684,0.0538,0.0115,0.358,0.636
-7.355,0.363,0.428,0.173,0.475
-2.278,0.342,0.249,0.182,0.54
-5.406,0.0511,0.0185,0.0534,0.875
-7.67,0.0323,0.0542,0.112,0.112
-4.893,0.234,0.0171,0.151,0.442
-7.423,0.0473,0.174,0.0614,0.696
-5.507,0.0779,0.0444,0.145,0.711
-6.982,0.0402,0.0447,0.219,0.948
-4.99,0.259,0.0402,0.601,0.47
-2.513,0.0329,0.0192,0.331,0.888
-5.594,0.0458,0.257,0.0589,0.716
-3.716,0.0815,0.0116,0.549,0.628
-5.749,0.0355,8.67E-05,0.092,0.568
-2.771,0.0477,0.000441,0.068,0.682
-5.643,0.0311,0.0874,0.117,0.179
-6.614,0.0321,0.00481,0.317,0.435
-2.528,0.0372,0.0631,0.082,0.762
-5.426,0.103,0.0782,0.139,0.362
-0.276,0.0455,0.00184,0.122,0.905
-4.046,0.0775,0.000202,0.117,0.411
-5.222,0.0601,0.000354,0.133,0.205
-4.914,0.029,0.00967,0.0833,0.321
-6.162,0.0709,0.0161,0.261,0.467
-1.925,0.0448,0.0571,0.0415,0.855
-5.293,0.296,0.0383,0.188,0.272
-3.17,0.141,0.00177,0.16,0.412
-4.865,0.0422,0.123,0.362,0.627
-6.223,0.0366,0.0717,0.115,0.376
-5.971,0.0327,0.0703,0.36,0.656
-5.035,0.0289,0.654,0.218,0.58
-5.767,0.0317,0.568,0.176,0.262
-6.948,0.0404,0.419,0.107,0.522
-5.653,0.054,0.00172,0.136,0.374
-2.673,0.33,0.0951,0.188,0.605
-2.996,0.0757,0.217,0.0768,0.294
-4.667,0.042,0.00112,0.0886,0.47
-3.472,0.0339,0.0178,0.0639,0.37
-5.348,0.0343,0.665,0.11,0.691
-4.939,0.0355,0.0518,0.626,0.416
-4.78,0.16,0.00952,0.171,0.645
-4.424,0.0384,0.164,0.112,0.445
-4.501,0.0333,0.00107,0.106,0.182
-4.075,0.243,0.0897,0.421,0.664
-3.108,0.0346,0.0012,0.098,0.59
-4.006,0.0509,0.0014,0.144,0.424
-8.05,0.0272,0.0275,0.0873,0.455
-5.412,0.0413,0.0187,0.136,0.4
-5.379,0.0422,0.0134,0.0622,0.424
-5.034,0.227,0.241,0.52,0.641
-3.755,0.0363,0.00314,0.0842,0.714
-9.206,0.0793,0.0994,0.065,0.714
-2.718,0.142,0.0991,0.289,0.714
-3.932,0.255,0.00144,0.251,0.375
-3.724,0.0859,0.00379,0.036,0.816
-4.241,0.0432,0.129,0.069,0.611
-3.729,0.0569,0.00446,0.163,0.425
-5.292,0.0286,4.14E-05,0.0867,0.74
-6.079,0.28,0.0798,0.431,0.599
-8.126,0.449,0.00676,0.117,0.778
-5.077,0.0816,0.178,0.0773,0.45
-1.966,0.108,0.000939,0.233,0.506
-6.365,0.112,0.00713,0.0715,0.773
-5.455,0.0818,0.541,0.1,0.751
-6.693,0.113,0.114,0.256,0.272
-0.74,0.147,0.255,0.392,0.295
-3.896,0.0322,0.0346,0.0757,0.586
-4.217,0.0314,0.0327,0.0909,0.568
-6.963,0.365,0.179,0.307,0.412
-2.458,0.0445,0.00023,0.125,0.237
-1.19,0.264,0.529,0.205,0.668
-6.63,0.0462,0.000397,0.375,0.36
-4.496,0.127,0.113,0.0788,0.812
-6.99,0.131,0.209,0.277,0.494
-6.086,0.0712,0.00153,0.207,0.263
-7.798,0.0664,0.0662,0.602,0.436
-3.859,0.138,0.0173,0.362,0.567
-6.572,0.0333,0.0132,0.16,0.636
-5.109,0.11,0.0324,0.0787,0.217
-3.398,0.109,0.0338,0.082,0.654
-6.323,0.0708,0.173,0.168,0.195
-3.911,0.0327,0.0283,0.064,0.473
-4.168,0.0322,0.0543,0.113,0.828
-6.366,0.0391,0.00544,0.241,0.361
-4.188,0.0981,0.0613,0.219,0.534
-4.721,0.032,0.511,0.107,0.0784
-2.919,0.144,0.0287,0.196,0.743
-4.63,0.0474,0.179,0.689,0.625
-5.903,0.0404,0.00521,0.112,0.716
-5.005,0.0464,0.0712,0.0923,0.737
-3.599,0.111,0.0121,0.649,0.163
-3.261,0.296,0.0281,0.143,0.532
-4.706,0.0429,0.0055,0.0583,0.457
-5.283,0.161,0.0205,0.385,0.329
-7.371,0.0393,0.00481,0.0605,0.394
-2.881,0.0878,0.021,0.0594,0.73
-2.552,0.0401,0.0868,0.0403,0.52
-5.81,0.0332,0.198,0.36,0.326
-4.874,0.0424,0.000315,0.216,0.726
-4.493,0.0321,0.0108,0.0822,0.683
-4.024,0.177,0.0436,0.0491,0.557
-4.166,0.0804,0.00564,0.36,0.827
-5.237,0.137,0.0401,0.111,0.535
-4.981,0.141,0.2,0.0939,0.512
-5.89,0.0674,0.00237,0.402,0.658
-6.416,0.0729,0.13,0.238,0.717
-6.977,0.0533,0.00248,0.224,0.418
-3.173,0.115,0.0843,0.424,0.519
-3.616,0.189,0.014,0.161,0.277
-4.15,0.033,0.0266,0.348,0.851
-7.116,0.0333,0.202,0.0873,0.957
-4.285,0.116,0.11,0.0368,0.377
-6.782,0.378,0.172,0.483,0.757
-6.161,0.0305,0.0421,0.12,0.103
-2.959,0.069,0.23,0.0797,0.583
-3.631,0.0343,0.385,0.125,0.539
-6.077,0.044,0.0378,0.122,0.138
-3.614,0.113,0.00453,0.833,0.81
-5.507,0.0779,0.0444,0.145,0.711
-5.611,0.279,0.0109,0.124,0.433
-4.455,0.0573,0.00374,0.358,0.657
-5.85,0.141,0.301,0.144,0.815
-3.292,0.0341,0.049,0.264,0.596
-4.892,0.0644,0.0242,0.102,0.803
-4.262,0.0286,0.000176,0.107,0.352
-4.348,0.356,0.0435,0.578,0.463
-5.022,0.0563,0.352,0.0789,0.783
-3.891,0.0982,0.00681,0.0889,0.756
-5.346,0.0389,0.135,0.324,0.596
-6.005,0.173,0.0209,0.0286,0.738
-4.02,0.146,0.128,0.129,0.578
-4.003,0.0407,0.000665,0.0921,0.841
-3.214,0.0693,0.417,0.211,0.103
-6.163,0.295,0.102,0.191,0.557
-5.814,0.0493,0.386,0.0862,0.743
-4.582,0.0361,0.0162,0.134,0.591
-4.157,0.0451,0.000431,0.378,0.553
-6.403,0.258,0.297,0.206,0.659
-6.797,0.0439,0.0275,0.118,0.472
-7.784,0.0341,0.74,0.118,0.142
-4.433,0.0318,0.0298,0.243,0.316
-4.663,0.0303,0.117,0.334,0.286
-5.576,0.0437,0.00034,0.378,0.739
-2.948,0.0397,0.0273,0.343,0.94
-5.521,0.0343,0.0198,0.313,0.447
-4.663,0.0349,0.0743,0.0966,0.261
-6.611,0.0277,0.348,0.275,0.362
-4.11,0.343,0.0127,0.347,0.787
-5.114,0.0298,0.138,0.0473,0.507
-4.459,0.0475,0.0117,0.315,0.624
-4.168,0.156,0.0206,0.265,0.352
-5.039,0.049,0.141,0.113,0.648
-7.273,0.0542,0.148,0.107,0.245
-3.428,0.0884,0.0434,0.259,0.762
-4.152,0.0468,0.0218,0.143,0.797
-4.733,0.116,0.00377,0.0458,0.933
-5.194,0.0496,0.105,0.0691,0.575
-5.02,0.042,0.0113,0.104,0.833
-3.862,0.0392,0.00334,0.073,0.812
-5.636,0.03,0.0597,0.0826,0.731
-5.069,0.0721,0.0048,0.156,0.746
-2.628,0.0543,0.00166,0.348,0.794
-3.78,0.041,0.00548,0.0948,0.188
-8.685,0.179,0.186,0.105,0.262
-3.078,0.0414,0.055,0.259,0.552
-5.737,0.0395,0.0192,0.0845,0.285
-3.206,0.161,0.191,0.298,0.53
-3.87,0.0469,0.0761,0.0741,0.922
-4.524,0.0675,0.0646,0.271,0.538
-5.252,0.175,0.0181,0.369,0.76
-6.55,0.0414,0.00379,0.332,0.787
-3.293,0.0976,0.0319,0.267,0.796
-3.896,0.0322,0.0346,0.0757,0.586
-3.982,0.0523,0.0294,0.116,0.321
-7.783,0.114,0.0369,0.111,0.594
-3.148,0.0599,0.000915,0.0515,0.701
-3.951,0.0581,0.14,0.0765,0.876
-4.225,0.316,0.1,0.191,0.795
-2.944,0.0535,0.0191,0.0385,0.748
-3.672,0.049,0.0491,0.364,0.375
-1.131,0.0464,0.0184,0.483,0.493
-6.366,0.0391,0.00544,0.241,0.361
-3.541,0.0489,0.000102,0.0404,0.88
-5.399,0.0393,0.0182,0.0658,0.272
-5.747,0.0665,0.0228,0.202,0.45
-3.966,0.1,0.109,0.276,0.258
-4.861,0.0652,0.02,0.134,0.637
-6.761,0.0268,0.0509,0.0833,0.212
-3.796,0.0415,0.00125,0.671,0.765
-3.882,0.0249,0.00408,0.112,0.445
-4.521,0.452,0.0869,0.306,0.397
-5.429,0.304,0.0007,0.318,0.606
-3.499,0.318,0.0536,0.631,0.438
-6.128,0.184,0.0339,0.144,0.538
-6.115,0.0461,0.181,0.267,0.357
-3.873,0.0639,0.0319,0.108,0.452
-4.9,0.0407,0.00987,0.117,0.653
-5.589,0.0418,0.187,0.105,0.266
-4.485,0.0383,0.025,0.108,0.6
-6.096,0.0262,0.00646,0.187,0.674
-4.372,0.146,0.0887,0.283,0.539
-3.201,0.0445,0.000369,0.0934,0.7
-7.598,0.0474,0.0144,0.0759,0.4
-3.284,0.0717,0.0796,0.176,0.221
-8.127,0.1,0.0267,0.191,0.498
-1.921,0.193,0.158,0.3,0.232
-2.959,0.069,0.23,0.0797,0.583
-6.366,0.161,0.0658,0.0843,0.536
-3.689,0.0548,0.00472,0.14,0.877
-5.522,0.0434,0.336,0.223,0.445
-4.712,0.0472,0.00523,0.228,0.402
-2.914,0.24,0.078,0.145,0.52
-2.915,0.0479,0.0843,0.149,0.744
-4.689,0.0806,0.087,0.24,0.794
-5.108,0.161,0.00327,0.331,0.494
-4.339,0.209,0.269,0.601,0.669
-7.094,0.118,0.119,0.391,0.836
-2.125,0.0399,0.0334,0.664,0.759
-3.727,0.0285,0.227,0.157,0.402
-5.849,0.0292,0.145,0.0956,0.965
-7.16,0.106,0.365,0.0917,0.425
-3.945,0.182,0.0294,0.272,0.668
-5.068,0.0352,0.32,0.116,0.658
-5.473,0.192,0.0524,0.0914,0.602
-7.804,0.052,0.0771,0.132,0.645
-8.327,0.245,0.352,0.119,0.144
-5.124,0.0699,0.3,0.0955,0.955
-3.839,0.115,0.0189,0.155,0.65
-6.427,0.0304,0.229,0.146,0.161
-4.736,0.0605,0.0165,0.104,0.345
-8.251,0.028,0.893,0.0996,0.288
-4.523,0.029,0.00112,0.258,0.576
-5.004,0.246,0.203,0.0851,0.9
-4.788,0.0373,0.0422,0.36,0.45
-5.131,0.0385,0.00167,0.121,0.723
-6.477,0.041,0.000323,0.109,0.357
-5.826,0.0307,0.446,0.0998,0.332
-4.977,0.119,0.0764,0.163,0.814
-5.835,0.0439,0.00847,0.161,0.371
-6.883,0.0396,0.00194,0.171,0.333
-4.062,0.0324,0.143,0.0894,0.297
-5.006,0.0838,0.0048,0.029,0.624
-6.142,0.0316,0.726,0.12,0.0886
-4.865,0.0367,0.332,0.104,0.452
-6.611,0.0277,0.348,0.275,0.362
-6.093,0.0418,0.000177,0.108,0.272
-9.217,0.0334,0.82,0.111,0.128
-7.445,0.0267,0.309,0.11,0.161
-4.485,0.0383,0.025,0.108,0.6
-6.548,0.0408,0.0114,0.108,0.66
-5.576,0.075,0.02,0.0849,0.735
-5.208,0.0693,0.000624,0.207,0.622
-3.035,0.0499,0.0124,0.335,0.648
-4.231,0.0672,0.00358,0.329,0.443
-6.864,0.0282,0.417,0.114,0.0789
-2.266,0.0591,0.0488,0.575,0.412
-6.34,0.0916,0.00201,0.223,0.444
-5.542,0.311,0.127,0.349,0.775
-3.435,0.0314,0.0558,0.0844,0.618
-2.302,0.196,0.0145,0.317,0.576
-6.209,0.0965,0.244,0.498,0.68
-5.746,0.0453,0.0208,0.29,0.739
-3.446,0.0445,0.00473,0.145,0.282
-2.634,0.0655,0.0841,0.344,0.393
-3.686,0.0609,0.0403,0.0241,0.591
-7.745,0.404,0.123,0.604,0.26
-2.671,0.0337,0.0884,0.0922,0.427
-9.381,0.406,0.0685,0.173,0.426
-1.569,0.0431,0.00656,0.224,0.476
-4.225,0.316,0.1,0.191,0.795
-2.871,0.286,0.00417,0.091,0.749
-4.805,0.046,0.00498,0.215,0.801
-5.18,0.0973,0.00117,0.179,0.569
-3.689,0.0565,0.015,0.125,0.965
-4.45,0.0534,0.0143,0.0707,0.585
-4.165,0.0431,0.049,0.309,0.867
-5.941,0.0343,0.0462,0.309,0.464
-4.444,0.0688,0.0588,0.306,0.684
-4.92,0.0461,0.00125,0.109,0.393
-4.475,0.0485,0.0409,0.296,0.485
-4.63,0.0355,0.000417,0.0744,0.769
-2.457,0.075,0.135,0.251,0.751
-6.815,0.271,0.0538,0.44,0.217
-6.366,0.0547,0.187,0.0927,0.559
-3.85,0.0482,0.00225,0.0966,0.588
-5.761,0.258,0.0145,0.0767,0.626
-4.813,0.0414,0.0188,0.287,0.545
-4.782,0.0933,0.135,0.11,0.302
-4.55,0.0692,0.357,0.853,0.85
-6.298,0.041,0.0022,0.0664,0.0694
-2.686,0.0296,0.00828,0.172,0.86
-10.881,0.371,0.0373,0.187,0.273
-2.842,0.031,0.000972,0.204,0.919
-5.242,0.0696,0.0158,0.0868,0.716
-8.838,0.0338,0.115,0.0895,0.486
-5.014,0.0445,0.617,0.167,0.574
-6.761,0.0268,0.0509,0.0833,0.212
-5.792,0.102,0.000238,0.156,0.643
-4.892,0.226,0.0272,0.167,0.497
-2.932,0.0595,0.00777,0.294,0.875
-4.343,0.0564,0.0654,0.123,0.629
-3.145,0.0509,0.112,0.116,0.438
-4.696,0.0506,0.0142,0.108,0.849
-6.019,0.0519,0.0358,0.126,0.331
-3.674,0.103,0.0679,0.127,0.301
-4.568,0.034,0.0117,0.0418,0.781
-6.798,0.0363,0.00454,0.0335,0.679
-7.471,0.108,0.0166,0.0721,0.179
-7.079,0.03,0.00144,0.0944,0.552
-6.63,0.0414,0.0368,0.0694,0.879
-6.425,0.137,0.0525,0.115,0.531
-3.382,0.1,0.0811,0.361,0.613
-3.443,0.0479,0.027,0.652,0.358
-4.278,0.0387,0.00948,0.113,0.271
-8.438,0.188,0.0103,0.35,0.339
-6.245,0.0805,0.00234,0.174,0.323
-2.632,0.206,0.186,0.097,0.508
-4.023,0.0353,0.000802,0.2,0.864
-6.235,0.0545,0.155,0.121,0.836
-6.896,0.0358,0.607,0.107,0.674
-5.324,0.0554,0.0991,0.262,0.437
-2.494,0.0737,0.009,0.0596,0.888
-6.591,0.0439,0.209,0.217,0.39
-5.448,0.0963,0.00657,0.102,0.286
-4.269,0.14,0.0239,0.371,0.682
-4.364,0.0873,0.00131,0.598,0.571
-7.186,0.0249,0.822,0.0926,0.343
-6.17,0.0367,0.0297,0.131,0.78
-3.113,0.032,0.00107,0.0801,0.721
-5.456,0.167,0.0159,0.0895,0.521
-6.221,0.0347,0.00385,0.287,0.237
-2.063,0.0543,0.0629,0.0969,0.936
-4.289,0.0513,0.134,0.148,0.646
-2.569,0.0429,0.0909,0.0283,0.392
-7.298,0.0344,0.096,0.205,0.286
-5.197,0.051,0.0548,0.144,0.206
-4.282,0.0475,0.046,0.112,0.684
-8.558,0.356,0.000107,0.111,0.39
-5.099,0.0367,0.0749,0.392,0.575
-3.94,0.0833,0.0034,0.0986,0.689
-6.849,0.0593,0.0026,0.686,0.238
-5.52,0.034,0.128,0.383,0.189
-6.628,0.0393,0.248,0.368,0.248
-3.218,0.0487,0.23,0.144,0.569
-10.358,0.265,0.0267,0.0888,0.299
-3.141,0.127,0.000673,0.285,0.538
-6.826,0.0486,0.337,0.082,0.476
-2.963,0.076,0.0662,0.473,0.573
-9.504,0.122,0.121,0.132,0.337
-7.707,0.0489,0.00412,0.0783,0.881
-3.686,0.0627,0.106,0.668,0.236
-5.697,0.0523,0.0038,0.161,0.643
-4.165,0.0431,0.049,0.309,0.867
-6.985,0.293,0.0619,0.0457,0.662
-8.966,0.038,0.0426,0.101,0.862
-6.849,0.0696,0.019,0.131,0.501
-7.222,0.0859,0.0241,0.0636,0.253
-2.69,0.0645,0.0205,0.296,0.722
-4.399,0.0316,0.112,0.111,0.254
-8.532,0.04,0.695,0.0944,0.131
-4.586,0.402,0.0545,0.0524,0.559
-1.702,0.0533,0.173,0.331,0.8
-3.632,0.158,0.039,0.341,0.542
-6.096,0.0584,0.00112,0.0748,0.402
-6.476,0.0327,0.0125,0.0946,0.496
-4.457,0.0786,0.0291,0.0862,0.847
-5.351,0.0363,0.00137,0.0714,0.0381
-7.321,0.232,0.0348,0.307,0.759
-4.814,0.0441,0.00453,0.103,0.213
-6.535,0.15,0.124,0.0616,0.85
-2.81,0.0336,0.0495,0.101,0.398
-4.633,0.0521,0.0736,0.0631,0.433
-4.829,0.0309,0.000189,0.0889,0.836
-4.802,0.104,0.0738,0.239,0.502
-6.478,0.0368,0.0483,0.104,0.8
-4.831,0.0593,0.000688,0.0682,0.526
-3.68,0.0715,0.0525,0.12,0.624
-3.617,0.0912,0.00726,0.375,0.952
-4.1,0.0517,0.0101,0.0809,0.573
-4.76,0.311,0.00144,0.108,0.578
-6.164,0.0501,0.00963,0.311,0.902
-5.441,0.0439,0.00616,0.315,0.763
-6.107,0.322,0.000986,0.176,0.283
-5.791,0.0558,0.0157,0.13,0.11
-4.059,0.333,0.0217,0.26,0.684
-2.671,0.0284,0.00952,0.153,0.824
-4.341,0.064,0.0271,0.537,0.567
-7.444,0.0939,0.162,0.247,0.427
-3.782,0.0374,0.332,0.316,0.638
-3.015,0.0321,0.19,0.269,0.428
-3.121,0.071,0.025,0.586,0.409
-6.798,0.0363,0.00454,0.0335,0.679
-7.596,0.0323,0.186,0.217,0.405
-5.358,0.05,0.00264,0.427,0.281
-8.262,0.0909,0.104,0.0964,0.155
-4.175,0.0514,0.0469,0.0525,0.53
-6.87,0.275,0.0239,0.11,0.662
-7.079,0.03,0.00144,0.0944,0.552
-4.292,0.0453,0.107,0.119,0.546
-5.031,0.0432,0.31,0.105,0.329
-5.151,0.0483,0.0111,0.416,0.282
-5.066,0.0483,0.41,0.237,0.58
-6.028,0.0457,0.0203,0.147,0.8
-9.582,0.0568,0.452,0.0953,0.243
-5.705,0.049,0.00176,0.354,0.469
-3.939,0.1,0.0525,0.136,0.517
-8.035,0.081,0.00304,0.263,0.519
-3.942,0.109,0.197,0.0567,0.582
-4.813,0.0387,0.00357,0.209,0.369
-6.594,0.0748,0.307,0.111,0.447
-6.299,0.0563,0.0143,0.602,0.12
-7.829,0.161,0.0331,0.156,0.56
-4.534,0.0253,0.0831,0.162,0.224
-7.2,0.0427,0.0192,0.089,0.349
-4.672,0.0454,0.00627,0.119,0.34
-4.821,0.0418,0.00487,0.354,0.455
-4.625,0.035,0.255,0.108,0.582
-3.715,0.0396,0.00262,0.0958,0.748
-6.901,0.0831,0.0594,0.256,0.156
-3.835,0.0509,0.00351,0.107,0.748
-4.751,0.0581,0.0059,0.213,0.689
-6.383,0.0407,0.0755,0.271,0.571
-2.986,0.0465,0.0227,0.0789,0.486
-4.653,0.029,0.136,0.698,0.952
-3.464,0.0753,0.0366,0.0751,0.193
-6.262,0.0342,0.407,0.107,0.349
-4.758,0.056,0.0466,0.111,0.609
-7.828,0.057,0.0839,0.0753,0.674
-5.217,0.03,0.0391,0.0632,0.145
-6.664,0.0503,0.234,0.0946,0.512
-5.28,0.0431,0.0412,0.324,0.937
-5.177,0.032,0.0206,0.146,0.417
-5.794,0.0334,0.00882,0.37,0.484
-7.054,0.217,0.322,0.426,0.465
-3.763,0.044,0.0098,0.0561,0.765
-6.286,0.0368,0.132,0.114,0.253
-7.436,0.0961,0.00411,0.0733,0.289
-5.7,0.0527,0.181,0.124,0.449
-5.473,0.0269,0.00242,0.255,0.369
-6.542,0.289,0.128,0.0769,0.661
-3.084,0.101,0.015,0.415,0.716
-6.561,0.0376,0.00215,0.0477,0.668
-7.335,0.0572,0.385,0.104,0.244
-3.208,0.113,0.294,0.076,0.862
-10.164,0.0283,0.945,0.117,0.125
-3.799,0.219,0.103,0.164,0.357
-8.648,0.0434,0.932,0.088,0.387
-3.364,0.0354,0.0191,0.0536,0.878
-4.662,0.183,0.219,0.0908,0.962
-6.123,0.0512,0.00314,0.165,0.353
-4.871,0.064,0.0239,0.207,0.666
-4.141,0.0697,0.0904,0.0491,0.377
-6.46,0.0898,0.000185,0.593,0.328
-6.444,0.0414,0.588,0.11,0.184
-4.993,0.0381,0.0422,0.305,0.925
-2.88,0.0499,0.0197,0.0685,0.572
-7.064,0.0322,0.922,0.132,0.331
-7.195,0.0487,0.00865,0.122,0.599
-3.726,0.0503,0.0573,0.124,0.961
-2.505,0.0387,0.0932,0.379,0.568
-3.753,0.124,0.192,0.109,0.519
-3.539,0.0315,0.0703,0.0829,0.348
-5.469,0.0642,0.00521,0.336,0.76
-5.346,0.188,0.0141,0.306,0.247
-7.321,0.232,0.0348,0.307,0.759
-5.51,0.0295,0.0179,0.0675,0.893
-3.927,0.088,0.00125,0.328,0.411
-7.51,0.107,0.15,0.111,0.431
-7.573,0.0492,0.000132,0.0658,0.726
-6.104,0.19,0.0885,0.201,0.287
-6.253,0.0406,0.328,0.104,0.235
-3.405,0.0841,0.129,0.115,0.51
-5.949,0.131,0.00215,0.31,0.178
-6.886,0.25,0.0802,0.162,0.721
-5.356,0.0258,0.0219,0.623,0.78
-5.225,0.0997,0.392,0.11,0.386
-6.223,0.179,0.0668,0.214,0.646
-4.078,0.0808,0.0287,0.343,0.348
-4.1,0.156,0.00107,0.057,0.0815
-4.087,0.0981,0.0295,0.139,0.788
-4.972,0.0385,0.0654,0.117,0.477
-7.314,0.42,0.0505,0.0562,0.18
-3.565,0.0325,0.0215,0.1,0.72
-5.234,0.0428,0.00518,0.181,0.391
-6.003,0.0312,0.175,0.55,0.779
-7.548,0.0487,0.0317,0.285,0.121
-3.32,0.0436,0.000526,0.177,0.182
-3.263,0.248,0.0135,0.0818,0.66
-7.436,0.0929,0.167,0.305,0.416
-4.261,0.0345,0.00489,0.132,0.551
-7.251,0.0343,0.649,0.14,0.0951
-9.334,0.0369,0.00821,0.0829,0.45
-4.528,0.0818,0.0958,0.334,0.304
-4.135,0.0483,0.0862,0.0772,0.203
-5.031,0.0432,0.31,0.105,0.329
-5.324,0.0455,0.0064,0.204,0.284
-7.299,0.0502,0.0355,0.141,0.663
-5.449,0.0338,0.0966,0.0823,0.114
-5.963,0.049,0.0168,0.188,0.616
-3.752,0.0589,0.167,0.0973,0.738
-4.676,0.0339,0.0193,0.101,0.638
-4.052,0.0492,0.00129,0.29,0.383
-8.813,0.0378,0.427,0.0759,0.728
-7.008,0.0659,0.0113,0.635,0.849
-4.389,0.0334,0.00937,0.0764,0.24
-3.519,0.105,0.0467,0.0399,0.96
-4.867,0.0436,0.0309,0.0828,0.458
-3.417,0.091,0.26,0.38,0.751
-7.752,0.035,0.00377,0.0851,0.463
-7.038,0.154,0.0531,0.333,0.471
-5.595,0.0402,0.00245,0.118,0.487
-4.689,0.124,0.0384,0.157,0.756
-5.456,0.167,0.0159,0.0895,0.521
-5.352,0.153,0.0192,0.159,0.625
-2.28,0.0786,0.154,0.191,0.576
-5.948,0.0347,0.00433,0.114,0.545
-4.783,0.0377,0.000739,0.225,0.545
-4.874,0.0377,0.053,0.142,0.621
-3.215,0.0296,0.403,0.128,0.794
-4.237,0.132,0.000569,0.327,0.441
-4.121,0.0396,0.00218,0.0741,0.64
-5.384,0.165,0.0647,0.334,0.942
-7.747,0.0353,0.859,0.115,0.37
-4.451,0.0472,0.304,0.0601,0.939
-4.144,0.0634,0.0373,0.239,0.352
-5.595,0.0294,0.00106,0.199,0.375
-5.488,0.0463,0.019,0.323,0.446
-6.474,0.0279,0.00617,0.209,0.162
-6.735,0.0377,0.162,0.193,0.549
-3.109,0.0411,0.109,0.0947,0.461
-4.998,0.0496,0.0117,0.146,0.499
-5.802,0.0477,0.225,0.119,0.286
-8.554,0.0323,0.746,0.188,0.37
-5.655,0.0432,0.0697,0.208,0.701
-6.279,0.0336,0.0372,0.12,0.786
-8.714,0.0376,0.000792,0.0656,0.735
-6.694,0.0379,0.431,0.151,0.51
-6.902,0.0468,0.00969,0.181,0.401
-7.077,0.0337,0.0553,0.086,0.885
-3.823,0.0414,0.0457,0.143,0.468
-20.514,0.0397,0.559,0.0718,0.234
-4.292,0.041,0.0506,0.0963,0.446
-6.275,0.0783,0.434,0.115,0.437
-4.696,0.0549,0.0915,0.15,0.947
-5.217,0.179,0.204,0.229,0.743
-4.884,0.236,0.563,0.0962,0.64
-5.779,0.194,0.251,0.109,0.124
-3.578,0.0748,0.0132,0.452,0.504
-7.223,0.0824,0.00801,0.0344,0.928
-6.061,0.0295,0.474,0.184,0.591
-7.503,0.0815,0.369,0.0649,0.283
-8.118,0.0956,0.59,0.0811,0.793
-3.081,0.0625,0.00346,0.565,0.274
-5.922,0.0304,0.385,0.0972,0.426
-6.646,0.0484,0.247,0.125,0.275
-4.123,0.0394,0.213,0.322,0.418
-4.091,0.151,0.24,0.325,0.525
-5.593,0.0386,0.00441,0.0853,0.319
-5.412,0.054,0.103,0.0913,0.57
-7.063,0.0515,0.0671,0.135,0.137
-9.461,0.0329,0.0678,0.123,0.337
-3.226,0.219,0.0288,0.817,0.499
-5.298,0.0433,0.0166,0.249,0.654
-5.346,0.188,0.0141,0.306,0.247
-5.709,0.046,0.186,0.174,0.274
-7.803,0.159,0.0158,0.0925,0.239
-7.388,0.106,0.0294,0.139,0.221
-4.036,0.0734,0.000704,0.065,0.69
-5.098,0.0581,0.0185,0.163,0.636
-4.373,0.0731,0.0392,0.388,0.336
-4.164,0.0293,0.0126,0.102,0.407
-6.253,0.0406,0.328,0.104,0.235
-2.868,0.0729,0.00359,0.102,0.56
-10.028,0.145,0.0312,0.0906,0.23
-9.882,0.0317,0.466,0.131,0.412
-5.677,0.141,0.0462,0.0602,0.648
-3.865,0.0882,0.063,0.118,0.594
-5.798,0.0528,0.612,0.0837,0.264
-6.627,0.0379,0.343,0.124,0.481
-3.782,0.0666,0.0375,0.233,0.751
-4.023,0.0393,0.00563,0.0838,0.547
-3.863,0.0527,0.31,0.198,0.613
-6.959,0.0311,0.672,0.0698,0.479
-7.417,0.0741,0.0709,0.106,0.467
-4.94,0.13,0.0696,0.0463,0.506
-5.797,0.0583,0.0921,0.694,0.724
-4.119,0.0469,0.00711,0.0856,0.383
-4.981,0.0621,0.0509,0.257,0.395
-2.86,0.0536,0.141,0.189,0.789
-5.672,0.0369,0.109,0.0657,0.595
-5.046,0.032,0.00767,0.124,0.131
-4.125,0.0388,0.0665,0.382,0.466
-6.251,0.0677,0.00188,0.0869,0.344
-3.991,0.0337,0.0012,0.124,0.355
-4.01,0.0304,0.0223,0.214,0.438
-6.527,0.047,0.0266,0.0874,0.411
-4.792,0.0499,0.0215,0.128,0.74
-8.522,0.134,0.234,0.334,0.964
-5.095,0.0443,0.0399,0.0851,0.682
-6.075,0.0265,0.164,0.113,0.787
-3.803,0.128,0.0244,0.354,0.817
-5.449,0.0338,0.0966,0.0823,0.114
-5.137,0.126,0.0128,0.126,0.56
-11.067,0.0346,0.244,0.12,0.0968
-5.728,0.0457,0.00312,0.269,0.276
-3.724,0.0964,0.213,0.112,0.604
-7.863,0.0551,0.00258,0.0504,0.552
-5.488,0.0404,0.00795,0.0973,0.398
-8.644,0.0302,0.817,0.0869,0.174
-5.738,0.318,0.00256,0.625,0.603
-4.389,0.0334,0.00937,0.0764,0.24
-5.526,0.0425,0.113,0.105,0.583
-5.68,0.102,0.166,0.0575,0.294
-6.003,0.0905,0.0144,0.229,0.528
-5.709,0.0678,0.304,0.0452,0.55
-7.565,0.226,0.271,0.319,0.475
-4.083,0.0284,0.0115,0.167,0.785
-6.447,0.0652,0.154,0.0741,0.217
-3.103,0.0531,0.00419,0.147,0.537
-5.303,0.0464,0.634,0.116,0.437
-5.595,0.0402,0.00245,0.118,0.487
-4.031,0.163,0.0804,0.0793,0.359
-8.19,0.0339,0.769,0.0863,0.0883
-3.697,0.0789,0.0525,0.103,0.593
-5.288,0.203,0.0242,0.118,0.251
-5.474,0.0613,0.0362,0.325,0.395
-7.374,0.0428,0.393,0.0952,0.411
-7.448,0.202,0.0462,0.341,0.654
-9.474,0.0503,0.729,0.109,0.236
-6.684,0.0676,0.0152,0.0486,0.746
-4.697,0.141,0.0242,0.0793,0.784
-4.874,0.0377,0.053,0.142,0.621
-4.038,0.0567,0.041,0.0789,0.197
-6.607,0.0522,0.264,0.0863,0.742
-5.556,0.195,0.223,0.0963,0.189
-7.534,0.0496,0.0384,0.341,0.883
-4.868,0.0587,0.0118,0.294,0.235
-2.215,0.0659,0.00621,0.28,0.375
-6.994,0.052,0.484,0.299,0.527
-6.536,0.0889,0.00407,0.256,0.605
-4.208,0.0631,0.175,0.117,0.647
-3.669,0.045,0.0797,0.299,0.41
-5.036,0.0323,0.093,0.096,0.104
-4.467,0.0619,0.0352,0.317,0.843
-5.231,0.0762,0.0598,0.119,0.396
-5.21,0.0349,0.189,0.104,0.493
-5.402,0.0464,0.0506,0.111,0.95
-3.839,0.0357,0.256,0.0909,0.656
-7.028,0.282,0.165,0.134,0.535
-5.609,0.0536,0.00776,0.329,0.37
-9.828,0.438,0.835,0.28,0.515
-5.599,0.0338,0.414,0.111,0.661
-6.129,0.0342,0.329,0.0854,0.289
-4.943,0.449,0.028,0.366,0.236
-6.052,0.0688,0.0156,0.0545,0.675
-4.931,0.215,0.0561,0.0775,0.728
-6.444,0.0425,0.0915,0.27,0.349
-6.238,0.0946,0.0752,0.0919,0.558
-6.487,0.0377,0.211,0.325,0.412
-3.669,0.045,0.0797,0.299,0.41
-5.715,0.0751,0.0123,0.191,0.702
-5.279,0.0278,0.0371,0.0943,0.672
-3.054,0.0393,0.174,0.0786,0.304
-6.518,0.0959,0.0184,0.158,0.389
-3.456,0.0488,0.0022,0.0905,0.365
-5.008,0.049,0.082,0.0962,0.379
-4.378,0.317,0.255,0.65,0.739
-9.348,0.0286,0.0841,0.105,0.548
-7.789,0.0726,0.337,0.146,0.102
-4.014,0.0397,0.0282,0.24,0.803
-5.094,0.172,0.157,0.136,0.422
-3.406,0.049,0.37,0.0812,0.538
-7.757,0.0419,0.537,0.0936,0.461
-4.188,0.0828,0.0584,0.0933,0.505
-5.825,0.171,0.00451,0.138,0.209
-3.599,0.213,0.0124,0.737,0.657
-4.23,0.0908,0.011,0.0584,0.529
-5.88,0.0409,0.109,0.454,0.168
-5.085,0.0476,0.0281,0.11,0.159
-7.042,0.111,0.343,0.129,0.234
-5.371,0.0349,0.0863,0.135,0.163
-2.787,0.0332,0.199,0.148,0.465
-6.645,0.111,0.0353,0.0843,0.71
-5.267,0.358,0.157,0.189,0.554
-8.091,0.244,0.11,0.0825,0.296
-5.883,0.247,0.0408,0.292,0.603
-3.739,0.0343,0.0241,0.108,0.422
-4.582,0.0876,0.102,0.147,0.743
-4.01,0.0304,0.0223,0.214,0.438
-3.06,0.0426,0.093,0.161,0.536
-3.004,0.0427,0.00609,0.0828,0.715
-5.355,0.0393,0.00835,0.113,0.566
-4.792,0.0499,0.0215,0.128,0.74
-5.32,0.0385,0.0612,0.353,0.297
-5.093,0.232,0.0812,0.176,0.811
-8.053,0.134,0.621,0.179,0.352
-3.713,0.0346,0.355,0.154,0.673
-3.254,0.103,0.0858,0.135,0.869
-5.728,0.0457,0.00312,0.269,0.276
-6.478,0.029,0.0225,0.104,0.188
-8.094,0.0587,0.00347,0.0504,0.539
-5.948,0.107,0.0162,0.145,0.37
-4.078,0.341,0.106,0.107,0.747
-10.511,0.0583,0.0862,0.124,0.247
-3.887,0.036,0.00205,0.149,0.53
-4.684,0.0383,0.0807,0.251,0.501
-5.653,0.0898,0.159,0.0599,0.261
-6.003,0.0905,0.0144,0.229,0.528
-5.446,0.0517,0.152,0.0371,0.896
-3.6,0.0397,0.00423,0.0356,0.706
-6.304,0.249,0.161,0.257,0.467
-9.343,0.344,0.615,0.134,0.408
-6.443,0.171,0.151,0.147,0.478
-5.861,0.0432,0.103,0.0644,0.593
-10.027,0.123,0.192,0.105,0.0594
-4.271,0.0496,0.104,0.089,0.429
-3.974,0.104,0.0783,0.0841,0.327
-5.331,0.0436,0.0199,0.0549,0.213
-1.231,0.0515,0.0553,0.336,0.674
-7.286,0.187,0.0559,0.332,0.656
-8.379,0.0366,0.364,0.197,0.23
-5.273,0.082,0.253,0.144,0.401
-5.307,0.0487,0.372,0.277,0.709
-5.092,0.0432,0.0736,0.156,0.501
-7.055,0.0561,0.0435,0.309,0.343
-8.128,0.114,0.0118,0.123,0.247
-5.92,0.148,0.0114,0.108,0.523
-5.556,0.195,0.223,0.0963,0.189
-3.515,0.0824,0.00383,0.0574,0.374
-3.645,0.0446,0.0431,0.159,0.298
-6.983,0.0785,0.453,0.307,0.581
-5.436,0.0624,0.441,0.163,0.248
-4.888,0.0653,0.147,0.311,0.877
-6.127,0.266,0.0102,0.0561,0.729
-9.309,0.0804,0.0253,0.12,0.725
-13.4,0.3,0.687,0.101,0.18
-7.558,0.0695,0.719,0.304,0.71
-5.194,0.053,0.023,0.0526,0.755
-4.081,0.274,0.141,0.178,0.543
-4.503,0.336,0.0235,0.063,0.69
-6.829,0.0322,0.0731,0.0616,0.273
-10.598,0.185,0.107,0.135,0.276
-6.109,0.0345,0.014,0.0756,0.245
-7.274,0.0535,0.00175,0.253,0.356
-4.061,0.0889,0.0239,0.11,0.8
-6.429,0.0286,0.63,0.0902,0.621
-7.45,0.0991,0.67,0.415,0.554
-7.839,0.104,0.0489,0.1,0.397
-3.183,0.0802,0.581,0.0931,0.931
-2.862,0.117,0.0466,0.206,0.463
-4.757,0.17,0.209,0.112,0.846
-8.237,0.0432,0.64,0.169,0.476
-4.068,0.0523,0.406,0.18,0.742
-4.323,0.0312,0.186,0.104,0.418
-4.749,0.0479,0.00683,0.155,0.298
-6.124,0.0696,0.343,0.0983,0.418
-6.769,0.0317,0.0498,0.164,0.446
-6.312,0.0232,0.163,0.106,0.168
-6.156,0.0385,0.0102,0.1,0.62
-3.37,0.0484,0.0847,0.149,0.43
-12.695,0.0478,0.896,0.0795,0.112
-8.795,0.431,0.0102,0.165,0.281
-6.343,0.0868,0.0534,0.308,0.191
-6.288,0.113,0.118,0.0424,0.506
-9.319,0.0581,0.2,0.1,0.166
-8.672,0.0288,0.0262,0.421,0.145
-5.482,0.275,0.0651,0.087,0.52
-5.043,0.123,0.0293,0.104,0.733
-8.227,0.35,0.015,0.0871,0.376
-4.989,0.0339,0.0323,0.29,0.534
-6.589,0.0386,0.102,0.106,0.0951
-4.862,0.0914,0.0178,0.134,0.309
-6.054,0.138,0.163,0.185,0.682
-6.163,0.0649,0.142,0.128,0.355
-4.825,0.0296,0.00778,0.285,0.355
-6.865,0.0539,0.0714,0.112,0.182
-2.512,0.04,0.0837,0.266,0.789
-6.366,0.231,0.00264,0.109,0.401
-5.021,0.0311,0.0362,0.117,0.556
-10.028,0.145,0.0312,0.0906,0.23
-3.862,0.109,0.075,0.187,0.782
-3.791,0.244,0.0117,0.0853,0.405
-7.323,0.286,0.0114,0.35,0.443
-9.681,0.0526,0.469,0.0829,0.167
-5.52,0.0363,0.0234,0.143,0.686
-4.305,0.108,0.0524,0.14,0.708
-3.023,0.0561,0.03,0.255,0.839
-6.779,0.0903,0.000243,0.0975,0.423
-4.424,0.0592,0.0204,0.062,0.265
-4.432,0.0432,0.0969,0.0848,0.777
-4.076,0.236,0.111,0.107,0.588
-3.078,0.0863,0.127,0.15,0.445
-4.097,0.302,0.393,0.165,0.554
-6.35,0.0526,0.00522,0.123,0.17
-6.71,0.0597,0.239,0.117,0.699
-6.471,0.123,0.204,0.126,0.506
-3.304,0.0537,0.0642,0.241,0.66
-7.724,0.294,0.0576,0.122,0.231
-6.759,0.36,0.00402,0.0874,0.394
-5.274,0.0568,0.501,0.117,0.814
-9.144,0.242,0.469,0.297,0.437
-5.314,0.244,0.0611,0.123,0.168
-8.126,0.344,0.022,0.137,0.53
-7.786,0.0576,0.0895,0.261,0.195
-4.256,0.0418,0.091,0.0516,0.547
-2.396,0.0507,0.0435,0.194,0.36
-6.509,0.136,0.0527,0.197,0.417
-5.827,0.0591,0.219,0.225,0.557
-5.661,0.263,0.307,0.104,0.749
-4.035,0.0583,0.381,0.0913,0.966
-5.208,0.233,0.00638,0.0563,0.54
-5.194,0.0358,0.0041,0.33,0.507
-5.181,0.0691,0.00261,0.114,0.592
-5.792,0.109,0.0672,0.346,0.458
-7.733,0.31,0.265,0.147,0.351
-3.949,0.0524,0.0853,0.0839,0.297
-3.094,0.0688,0.0329,0.118,0.632
-4.183,0.0363,0.215,0.253,0.492
-4.844,0.0428,0.00163,0.0456,0.295
-4.699,0.043,0.281,0.234,0.497
-5.404,0.112,0.0814,0.199,0.471
-3.892,0.275,0.00381,0.391,0.78
-3.105,0.0571,0.0642,0.0943,0.872
-3.744,0.217,0.242,0.158,0.486
-3.641,0.314,0.167,0.362,0.472
-4.661,0.0291,0.15,0.104,0.733
-5.126,0.0522,0.0323,0.112,0.356
-7.046,0.0431,0.184,0.0911,0.4
-5.595,0.0545,0.246,0.0765,0.527
-11.377,0.0396,0.256,0.109,0.364
-5.35,0.0387,0.00459,0.306,0.649
-8.374,0.0585,0.0631,0.325,0.0862
-5.74,0.272,0.0285,0.111,0.449
-7.38,0.148,0.0312,0.114,0.525
-4.031,0.0362,0.0605,0.159,0.716
-4.518,0.0429,0.137,0.184,0.678
-8.618,0.0582,0.588,0.358,0.295
-3.079,0.0758,0.158,0.0972,0.651
-4.323,0.058,0.0037,0.0813,0.397
-5.946,0.118,0.428,0.0679,0.585
-6.428,0.0304,0.0215,0.0939,0.219
-5.628,0.139,0.106,0.129,0.273
-4.882,0.0818,0.118,0.111,0.383
-5.309,0.0612,0.134,0.0683,0.272
-5.445,0.134,0.0575,0.106,0.595
-4.282,0.0797,0.034,0.153,0.632
-4.997,0.0764,0.229,0.127,0.175
-6.596,0.0706,0.119,0.0864,0.515
-9.211,0.109,0.0332,0.552,0.357
-6.136,0.0712,0.124,0.131,0.129
-8.28,0.206,0.149,0.114,0.333
-6.343,0.0868,0.0534,0.308,0.191
-5.335,0.149,0.176,0.118,0.163
-7.23,0.2,0.349,0.34,0.218
-3.061,0.0449,0.171,0.112,0.437
-2.384,0.0504,0.205,0.128,0.534
-3.998,0.129,0.099,0.372,0.65
-5.723,0.0804,0.556,0.102,0.711
-5.507,0.0594,0.04,0.294,0.354
-5.266,0.0315,0.194,0.248,0.261
-3.24,0.11,0.037,0.0814,0.592
-7.442,0.12,0.0236,0.101,0.342
-3.714,0.222,0.00513,0.124,0.446
-6.112,0.0409,0.217,0.0812,0.22
-4.167,0.228,0.157,0.0642,0.617
-4.483,0.151,0.0145,0.742,0.615
-4.979,0.093,0.0762,0.111,0.188
-10.109,0.0333,0.934,0.095,0.12
-5.145,0.184,0.0876,0.106,0.395
-4.546,0.0437,0.0441,0.35,0.565
-8.074,0.123,0.0165,0.104,0.423
-9.127,0.412,0.088,0.136,0.376
-4.954,0.0356,0.17,0.307,0.175
-3.445,0.214,0.542,0.0595,0.442
-5.32,0.183,0.0305,0.325,0.188
-5.298,0.056,0.0338,0.3,0.694
-4.88,0.145,0.258,0.123,0.473
-3.695,0.0464,0.354,0.104,0.82
-5.232,0.213,0.00413,0.0537,0.216
-4.926,0.172,0.0553,0.129,0.635
-5.52,0.0363,0.0234,0.143,0.686
-7.518,0.0531,0.109,0.12,0.454
-5.008,0.299,0.000813,0.128,0.376
-6.531,0.143,0.202,0.108,0.158
-4.946,0.0597,0.0605,0.0926,0.552
-4.099,0.0378,0.0425,0.0761,0.422
-4.547,0.0714,0.0233,0.094,0.62
-5.934,0.0558,0.0233,0.237,0.268
-4.75,0.15,0.0168,0.118,0.584
-6.26,0.0654,0.811,0.191,0.852
-8.339,0.201,0.159,0.409,0.0793
-12.808,0.028,0.113,0.155,0.237
-4.614,0.0448,0.124,0.204,0.306
-2.867,0.045,0.374,0.0586,0.687
-5.946,0.113,0.0153,0.133,0.267
-3.112,0.0589,0.165,0.0501,0.794
-3.093,0.0853,0.256,0.17,0.286
-5.114,0.463,0.0169,0.124,0.152
-4.399,0.038,0.0476,0.0543,0.582
-4.618,0.0331,0.0167,0.157,0.2
-5.68,0.121,0.312,0.179,0.464
-10.068,0.029,0.883,0.0984,0.52
-6.073,0.247,0.328,0.198,0.748
-6.337,0.103,0.0659,0.231,0.485
-9.309,0.53,0.0355,0.108,0.562
-4.65,0.0333,0.327,0.203,0.655
-5.892,0.0385,0.0817,0.0934,0.421
-4.249,0.0752,0.315,0.203,0.555
-5.253,0.0778,0.211,0.0383,0.811
-5.804,0.04,0.331,0.135,0.341
-7.495,0.27,0.00104,0.105,0.595
-5.916,0.516,0.142,0.0713,0.659
-2.749,0.0452,0.191,0.167,0.671
-6.319,0.0362,0.697,0.0813,0.443
-3.692,0.074,0.193,0.0688,0.697
-5.402,0.269,0.00263,0.159,0.508
-7.709,0.331,0.00552,0.0881,0.112
-5.833,0.125,0.0589,0.396,0.35
-9.86,0.25,0.279,0.0959,0.603
-5.658,0.186,0.314,0.0628,0.642
-4.449,0.0972,0.0543,0.636,0.768
-7.648,0.321,0.555,0.116,0.319
-3.641,0.0417,0.0376,0.137,0.675
-7.202,0.0689,0.00149,0.0696,0.667
-3.953,0.0596,0.0364,0.104,0.321
-3.928,0.0885,0.0387,0.454,0.454
-5.628,0.144,0.225,0.107,0.358
-3.416,0.051,0.174,0.412,0.839
-4.706,0.342,0.0733,0.0865,0.639
-2.881,0.117,0.0372,0.137,0.603
-4.877,0.0996,0.0185,0.0215,0.926
-7.941,0.104,0.802,0.171,0.374
-7.36,0.105,0.000239,0.0725,0.4
-3.539,0.0296,0.0604,0.0893,0.612
-7.866,0.343,0.279,0.0836,0.492
-4.333,0.0747,0.181,0.137,0.243
-4.428,0.0449,0.178,0.0962,0.758
-5.975,0.0943,0.0403,0.0824,0.51
-4.502,0.0925,0.25,0.106,0.453
-3.874,0.0722,0.0161,0.451,0.717
-5.042,0.224,0.147,0.109,0.755
-7.621,0.253,0.535,0.104,0.419
-7.906,0.0439,0.0558,0.0912,0.449
-6.825,0.0505,0.568,0.13,0.448
-5.626,0.0449,0.0956,0.134,0.338
-6.474,0.0707,0.0891,0.119,0.758
-7.343,0.0924,0.264,0.153,0.779
-8.094,0.105,0.546,0.111,0.459
-5.56,0.102,0.0533,0.113,0.639
-10.965,0.375,0.328,0.1,0.562
-6.049,0.029,0.0392,0.0828,0.749
-10.732,0.334,0.592,0.0881,0.327
-4.368,0.0575,0.533,0.0685,0.925
-12.21,0.0363,0.0933,0.115,0.166
-7.05,0.0705,0.297,0.0936,0.533
-4.258,0.0874,0.177,0.106,0.884
-6.362,0.0308,0.371,0.231,0.323
-5.844,0.0671,0.00987,0.388,0.244
-5.679,0.0319,0.751,0.105,0.446
-4.101,0.0897,0.269,0.156,0.521
-5.545,0.127,0.174,0.344,0.137
-4.768,0.42,0.0251,0.14,0.568
-5.788,0.176,0.0521,0.0924,0.504
-2.652,0.0593,0.11,0.0574,0.656
-5.714,0.0318,0.74,0.124,0.483
-4.141,0.237,0.318,0.325,0.58
-7.384,0.0997,0.228,0.122,0.424
-6.806,0.0295,0.0404,0.074,0.631
-5.313,0.0495,0.132,0.361,0.91
-3.714,0.222,0.00513,0.124,0.446
-2.974,0.155,0.675,0.11,0.62
-11.132,0.0355,0.404,0.0937,0.523
-4.167,0.228,0.157,0.0642,0.617
-5.075,0.0413,0.407,0.148,0.536
-6.294,0.258,0.000677,0.0672,0.587
-6.257,0.287,0.0204,0.0658,0.226
-9.545,0.478,0.251,0.121,0.644
-10.109,0.0333,0.934,0.095,0.12
-2.853,0.147,0.296,0.0793,0.234
-6.112,0.127,0.0578,0.101,0.507
-6.365,0.0905,0.259,0.252,0.544
-7.359,0.208,0.136,0.103,0.388
-2.61,0.0661,0.0856,0.0689,0.458
-5.239,0.303,0.0153,0.111,0.434
-6.211,0.0395,0.0131,0.142,0.163
-4.47,0.336,0.323,0.0745,0.72
-4.045,0.046,0.101,0.122,0.101
-6.146,0.0752,0.342,0.123,0.475
-6.349,0.0621,0.0141,0.099,0.158
-7.119,0.467,0.15,0.0698,0.261
-5.122,0.0457,0.328,0.153,0.578
-7.643,0.086,0.0395,0.342,0.274
-6.946,0.147,0.0247,0.132,0.179
-3.702,0.0882,0.0846,0.0822,0.609
-6.684,0.0456,0.0169,0.319,0.652
-2.806,0.0851,0.107,0.183,0.742
-6.508,0.29,0.00534,0.11,0.219
-5.29,0.0917,0.0421,0.106,0.335
-5.969,0.297,0.271,0.0955,0.55
-4.724,0.0476,0.0691,0.166,0.628
-4.521,0.0842,0.0125,0.0952,0.677
-5.801,0.101,0.0107,0.101,0.591
-4.311,0.0361,0.016,0.0811,0.606
-5.513,0.216,0.219,0.162,0.605
-6.711,0.081,0.0642,0.0832,0.65
-6.062,0.339,0.13,0.129,0.428
-6.4,0.0924,0.692,0.149,0.513
-3.731,0.461,0.119,0.159,0.702
-4.773,0.309,0.6,0.243,0.244
-4.67,0.0435,0.0737,0.353,0.607
-4.218,0.0524,0.323,0.143,0.761
-11.713,0.276,0.149,0.271,0.463
-4.271,0.0432,0.361,0.437,0.799
-10.332,0.0964,0.0984,0.14,0.116
-12.89,0.269,0.18,0.113,0.391
-6.482,0.426,0.0608,0.127,0.844
-9.447,0.208,0.0939,0.102,0.727
-14.505,0.332,0.74,0.106,0.196
-4.757,0.0965,0.0923,0.192,0.798
-5.207,0.0669,0.00915,0.0907,0.456
-5.883,0.0722,0.108,0.0645,0.874
-5.604,0.221,0.489,0.0977,0.618
-6.181,0.0715,0.272,0.119,0.376
-8.866,0.0685,0.23,0.795,0.413
-6.354,0.0906,0.077,0.0523,0.387
-6.594,0.0897,0.223,0.104,0.877
-3.787,0.0575,0.128,0.297,0.576
-4.568,0.155,0.00485,0.214,0.57
-4.156,0.126,0.602,0.136,0.706
-3.87,0.122,0.0771,0.105,0.651
-5.131,0.15,0.367,0.154,0.291
-4.669,0.341,0.136,0.11,0.619
-5.804,0.04,0.331,0.135,0.341
-6.373,0.12,0.214,0.0669,0.607
-7.058,0.203,0.176,0.242,0.534
-5.637,0.0287,0.162,0.0717,0.355
-2.729,0.0618,0.193,0.064,0.681
-2.253,0.045,0.0644,0.582,0.442
-4.931,0.0925,0.153,0.0763,0.345
-4.684,0.0894,0.389,0.104,0.762
-3.967,0.0984,0.0192,0.3,0.881
-4.617,0.0562,0.0547,0.32,0.847
-3.818,0.0745,0.447,0.111,0.175
-5.065,0.0588,0.0427,0.106,0.952
-5.707,0.157,0.117,0.105,0.564
-8.635,0.109,0.0669,0.274,0.811
-7.513,0.0656,0.45,0.222,0.347
-3.497,0.0395,0.192,0.0863,0.553
